鄉鎮市區,交易標的,土地位置建物門牌,土地移轉總面積平方公尺,都市土地使用分區,非都市土地使用分區,非都市土地使用編定,交易年月日,交易筆棟數,移轉層次,總樓層數,建物型態,主要用途,主要建材,建築完成年月,建物移轉總面積平方公尺,建物現況格局-房,建物現況格局-廳,建物現況格局-衛,建物現況格局-隔間,有無管理組織,總價元,單價元平方公尺,車位類別,車位移轉總面積平方公尺,車位總價元,備註,編號,主建物面積,附屬建物面積,陽台面積,電梯,移轉編號
The villages and towns urban district,transaction sign,land sector position building sector house number plate,land shifting total area square meter,the use zoning or compiles and checks,the non-metropolis land use district,non-metropolis land use,transaction year month and day,transaction pen number,shifting level,total floor number,building state,main use,main building materials,construction to complete the years,building shifting total area,Building present situation pattern - room,building present situation pattern - hall,building present situation pattern - health,building present situation pattern - compartmented,Whether there is manages the organization,total price NTD,the unit price (NTD / square meter),the berth category,berth shifting total area square meter,the berth total price NTD,the note,serial number,main building area,auxiliary building area,balcony area,elevator,transaction number
新竹市,土地,崙子段2069地號,6.92,住,,,1130504,土地3建物0車位0,,,其他,,,,0.0,0,0,0,無,無,1129090,163163,,0.0,0,,RPPNMLKKNHJGFAO28DA,0.0,0.0,0.0,無,001
新竹市,房地(土地+建物),新竹市新竹市振興一街２１號四樓之３,8.5,住,,,1130502,土地1建物1車位0,四層,五層,華廈(10層含以下有電梯),住家用,鋼筋混凝土造,0830622,28.590000000000003,1,1,1,有,無,2880000,100735,,0.0,0,加蓋凸窗其他增建；含租約；,RPSOMLLKNHJGFAO78DA,22.44,0.0,0.0,有,002
新竹市,房地(土地+建物)+車位,新竹市新竹市中正路１８２號十樓之３,4.18,商,,,1130504,土地1建物1車位1,十層,十一層,住宅大樓(11層含以上有電梯),住家用,鋼筋混凝土造,0960305,43.68,1,0,1,有,有,3000000,68681,升降機械,10.82,0,陽台外推；,RPXPMLNKNHJGFAO96DA,18.85,0.0,3.63,有,
新竹市,土地,崙子段268地號,1888.0,住,,,1130514,土地2建物0車位0,,,其他,,,,0.0,0,0,0,無,無,238556754,126354,,0.0,0,,RPTOMLOKNHJGFAO56DA,0.0,0.0,0.0,無,003
新竹市,房地(土地+建物),新竹市新竹市光復路一段１９５巷２號,140.06,住,,,1130507,土地1建物1車位0,全,三層,透天厝,住家用,加強磚造,0430101,360.78,6,3,4,有,無,22500000,62365,,0.0,0,,RPXSMLQKNHJGFAO57DA,360.78,0.0,0.0,無,
新竹市,土地,東山段一小段189-6地號,2.23,,,,1130515,土地1建物0車位0,,,其他,,,,0.0,0,0,0,無,無,31443,14100,,0.0,0,包含公共設施保留地用地；協議價購；,RPOSMLRKNHJGFAO76DA,0.0,0.0,0.0,無,
新竹市,土地,東山段一小段189-11地號,238.25,,,,1130515,土地1建物0車位0,,,其他,,,,0.0,0,0,0,無,無,3359326,14100,,0.0,0,包含公共設施保留地用地；協議價購；,SPOSMLRKNHJGFAO86DA,0.0,0.0,0.0,無,004
新竹市,土地,東山段一小段189-15地號,49.0,,,,1130515,土地1建物0車位0,,,其他,,,,0.0,0,0,0,無,無,690900,14100,,0.0,0,包含公共設施保留地用地；協議價購；,TPOSMLRKNHJGFAO96DA,0.0,0.0,0.0,無,
新竹市,土地,東山段一小段189-16地號,1062.0,,,,1130515,土地1建物0車位0,,,其他,,,,0.0,0,0,0,無,無,14974200,14100,,0.0,0,包含公共設施保留地用地；協議價購；,UPOSMLRKNHJGFAO07DA,0.0,0.0,0.0,無,
新竹市,土地,東山段一小段189-18地號,103.83,,,,1130515,土地1建物0車位0,,,其他,,,,0.0,0,0,0,無,無,1464050,14100,,0.0,0,包含公共設施保留地用地；協議價購；,VPOSMLRKNHJGFAO17DA,0.0,0.0,0.0,無,
新竹市,土地,和平段496地號,261.1,都市：其他:道路用地,,,1130510,土地4建物0車位0,,,其他,,,,0.0,0,0,0,無,無,11998000,45952,,0.0,0,包含公共設施保留地用地；,RPTOMLTJNHJGFAO96DA,0.0,0.0,0.0,無,
新竹市,房地(土地+建物),新竹市新竹市南城街５６號之４,8.96,商,,,1130507,土地1建物1車位0,一層,五層,華廈(10層含以下有電梯),住家用,鋼筋混凝土造,0800516,32.26,1,1,1,有,無,1100000,34098,,0.0,0,親友、員工、共有人或其他特殊關係間之交易；,RPPNMLOKNHJGFAO68DA,19.52,3.05,0.0,有,
新竹市,房地(土地+建物),新竹市新竹市中華路二段３１８號,41.0,商,,,1130507,土地2建物1車位0,全,三層,透天厝,商業用,加強磚造,,101.85,0,0,0,無,無,11000000,108002,,0.0,0,店鋪，土地買賣價款新台幣1000萬元整 建物買賣價款新台幣100萬元整親友、員工、共有人或其他特殊關係間之交易；,RPQNMLPKNHJGFAO88DA,101.85,0.0,0.0,無,
新竹市,土地,南寮段156-1地號,16.91,,,,1130506,土地1建物0車位0,,,其他,,,,0.0,0,0,0,無,無,400000,23655,,0.0,0,包含公共設施保留地用地；,RPQNMLKLNHJGFAO48DA,0.0,0.0,0.0,無,005
新竹市,房地(土地+建物),新竹市新竹市光華北街６５號３樓之４,6.06,住,,,1130501,土地1建物1車位0,三層,七層,華廈(10層含以下有電梯),住家用,鋼筋混凝土造,0810107,30.53,1,1,1,有,有,2000000,65509,,0.0,0,,RPRPMLKLNHJGFAO78DA,21.85,0.0,0.0,有,
新竹市,房地(土地+建物),新竹市新竹市芝柏一街２２號,58.2,,山坡地保育區,丙種建築用地,1130506,土地1建物1車位0,全,二層,透天厝,住家用,加強磚造,0720816,96.0,13,0,13,有,無,7400000,77083,,0.0,0,未登記建物；,RPURMLQKNHJGFAO17DA,90.06,2.97,2.97,無,
新竹市,房地(土地+建物),新竹市新竹市愛文街１１７號十樓之２,5.46,商,,,1130504,土地1建物1車位0,十層,十層,華廈(10層含以下有電梯),辦公用,鋼筋混凝土造,0970513,34.71,0,0,0,無,有,4600000,132527,,0.0,0,夾層；,RPSOMLMLNHJGFAO98DA,16.18,0.0,4.65,有,
新竹市,土地,崙子段1959地號,198.88,,鄉村區,乙種建築用地,1130513,土地2建物0車位0,,,其他,,,,0.0,0,0,0,無,無,9320000,46862,,0.0,0,親友、員工、共有人或其他特殊關係間之交易；,RPOQMLNKNHJGFAO78DA,0.0,0.0,0.0,無,
新竹市,房地(土地+建物),新竹市新竹市南大路２６號２樓,20.45,住,,,1130514,土地1建物1車位0,二層,七層,華廈(10層含以下有電梯),住家用,鋼筋混凝土造,,117.15,3,2,2,有,有,9800000,83653,,0.0,0,,RPSNMLMLNHJGFAO98EA,86.7,1.65,9.23,有,
新竹市,車位,新竹市新竹市大學路５６號地下２樓　,1.31,住,,,1130508,土地2建物1車位1,地下二層,二十一層,其他,商業用,鋼筋混凝土造,0851114,31.4,0,0,0,無,有,730000,,坡道平面,0.0,730000,僅車位交易；,RPQNMLNLNHJGFAO88EA,0.0,0.0,0.0,有,006
新竹市,土地,西濱段195地號,94.84,都市：其他:道路用地,,,1130513,土地2建物0車位0,,,其他,,,,0.0,0,0,0,無,無,4305014,45392,,0.0,0,包含公共設施保留地用地；,RPWPMLMLNHJGFAO86DA,0.0,0.0,0.0,無,007
新竹市,土地,港北段35地號,34.81,都市：其他:道路用地,,,1130513,土地1建物0車位0,,,其他,,,,0.0,0,0,0,無,無,1082806,31106,,0.0,0,包含公共設施保留地用地；,RPPQMLMLNHJGFAO88DA,0.0,0.0,0.0,無,008
新竹市,土地,南寮段161-1地號,45.84,,,,1130513,土地1建物0車位0,,,其他,,,,0.0,0,0,0,無,無,1379326,30090,,0.0,0,包含公共設施保留地用地；,SPPQMLMLNHJGFAO98DA,0.0,0.0,0.0,無,009
新竹市,土地,東濱段357-2地號,2.22,都市：其他:道路用地,,,1130513,土地1建物0車位0,,,其他,,,,0.0,0,0,0,無,無,93228,41995,,0.0,0,包含公共設施保留地用地；,TPPQMLMLNHJGFAO09DA,0.0,0.0,0.0,無,010
新竹市,土地,西濱段180地號,184.68,都市：其他:道路用地,,,1130513,土地1建物0車位0,,,其他,,,,0.0,0,0,0,無,無,6808887,36869,,0.0,0,包含公共設施保留地用地；,RPQQMLMLNHJGFAO98DA,0.0,0.0,0.0,無,
新竹市,土地,西濱段579地號,22.1,都市：其他:道路用地,,,1130513,土地2建物0車位0,,,其他,,,,0.0,0,0,0,無,無,687531,31110,,0.0,0,包含公共設施保留地用地；,SPQQMLMLNHJGFAO09DA,0.0,0.0,0.0,無,
新竹市,土地,民富段711-3地號,32.67,都市：其他:道路用地,,,1130510,土地1建物0車位0,,,其他,,,,0.0,0,0,0,無,無,1300000,39792,,0.0,0,包含公共設施保留地用地；,RPOSMLNLNHJGFAO09DA,0.0,0.0,0.0,無,
新竹市,土地,民富段711-2地號,65.0,都市：其他:道路用地,,,1130510,土地1建物0車位0,,,其他,,,,0.0,0,0,0,無,無,1450000,22308,,0.0,0,包含公共設施保留地用地；,RPRSMLNLNHJGFAO76DA,0.0,0.0,0.0,無,011
新竹市,房地(土地+建物),新竹市新竹市北新街１３１號三樓之２１,6.66,住,,,1130502,土地2建物1車位0,三層,十層,華廈(10層含以下有電梯),辦公用,鋼筋混凝土造,0980319,51.38,3,1,1,有,有,7500000,145971,,0.0,0,夾層；,RPSPMLRJNHJGFAO76DA,27.51,1.75,3.3,有,
新竹市,土地,虎山段982地號,187.54,,特定農業區,農牧用地,1130504,土地2建物0車位0,,,其他,,,,0.0,0,0,0,無,無,2850000,15197,,0.0,0,其他；,RPPOMLKKNHJGFAO38DA,0.0,0.0,0.0,無,
新竹市,土地,北門段1071地號,81.14,都市：其他:道路用地,,,1130510,土地6建物0車位0,,,其他,,,,0.0,0,0,0,無,無,5388000,66404,,0.0,0,包含公共設施保留地用地；,RPWOMLMLNHJGFAO76DA,0.0,0.0,0.0,無,012
新竹市,車位,新竹市新竹市藝術路１號等,0.0,,,,1130517,土地0建物1車位2,,,其他,,,,30.72,0,0,0,無,無,2400000,,坡道機械,30.72,2400000,建物坐落地號：明湖段644地號；僅車位交易；,RPSPMLMLNHJGFAO09DA,0.0,0.0,0.0,無,013
新竹市,車位,新竹市新竹市北新街１３１號地下二層,0.65,住,,,1130511,土地2建物1車位1,地下二層,十層,其他,辦公室,鋼筋混凝土造,0980319,5.04,0,0,0,無,有,500000,,坡道機械,0.0,500000,僅車位交易；,RPROMLNLNHJGFAO98DA,0.0,0.0,0.0,有,014
新竹市,土地,內湖段1037地號,644.27,,一般農業區,交通用地,1130510,土地1建物0車位0,,,其他,,,,0.0,0,0,0,無,無,12853286,19950,,0.0,0,包含公共設施保留地用地；,RPQNMLRLNHJGFAO66EA,0.0,0.0,0.0,無,015
新竹市,土地,內湖段1037地號,644.27,,一般農業區,交通用地,1130510,土地1建物0車位0,,,其他,,,,0.0,0,0,0,無,無,12853286,19950,,0.0,0,包含公共設施保留地用地；,RPRNMLRLNHJGFAO76EA,0.0,0.0,0.0,無,015
新竹市,土地,內湖段1037地號,644.27,,一般農業區,交通用地,1130510,土地1建物0車位0,,,其他,,,,0.0,0,0,0,無,無,12853286,19950,,0.0,0,包含公共設施保留地用地；,RPSNMLRLNHJGFAO86EA,0.0,0.0,0.0,無,015
新竹市,土地,內湖段1037地號,322.14,,一般農業區,交通用地,1130510,土地1建物0車位0,,,其他,,,,0.0,0,0,0,無,無,6426643,19950,,0.0,0,包含公共設施保留地用地；,RPTNMLRLNHJGFAO96EA,0.0,0.0,0.0,無,
新竹市,土地,內湖段1037地號,322.14,,一般農業區,交通用地,1130510,土地1建物0車位0,,,其他,,,,0.0,0,0,0,無,無,6426643,19950,,0.0,0,包含公共設施保留地用地；,RPUNMLRLNHJGFAO07EA,0.0,0.0,0.0,無,
新竹市,房地(土地+建物)+車位,新竹市新竹市龍山東路３１號七樓,17.14,商,,,1130505,土地2建物1車位2,七層,二十三層,住宅大樓(11層含以上有電梯),住家用,鋼筋混凝土造,1050501,221.37,3,2,2,有,有,35000000,158106,坡道平面,52.44,0,,RPVNMLRLNHJGFAO17EA,102.59,0.0,12.23,有,
新竹市,房地(土地+建物),新竹市新竹市瑞麟路１１３號,114.38,,山坡地保育區,丙種建築用地,1130406,土地1建物1車位0,全,三層,透天厝,住家用,鋼筋混凝土造,0850809,227.46,4,3,4,有,有,19500000,85729,,0.0,0,陽台外推；,RPVRMLKKMHJGFAO56DA,181.0,46.46,0.0,無,018
新竹市,房地(土地+建物)+車位,新竹市新竹市學府路４４１巷５號,28.3,住,,,1130401,土地1建物1車位1,一層,五層,華廈(10層含以下有電梯),住家用,鋼筋混凝土造,0801004,123.56,4,2,2,有,無,13150000,106426,坡道機械,0.0,0,其他增建；,RPVQMLMKMHJGFAO66DA,81.8,7.7,0.0,有,019
新竹市,房地(土地+建物),新竹市新竹市光復路一段５３１巷８２號６樓,15.37,商,,,1130407,土地1建物1車位0,六層,十三層,住宅大樓(11層含以上有電梯),住家用,鋼筋混凝土造,0830512,117.41,3,2,2,有,有,15200000,129461,,0.0,0,,RPPOMLQLMHJGFAO98DA,78.87,0.0,10.51,有,020
新竹市,房地(土地+建物),新竹市新竹市湳雅街８６巷１２號四樓,38.25,住,,,1130410,土地1建物1車位0,四層,四層,公寓(5樓含以下無電梯),住家用,鋼筋混凝土造,0691201,106.0,3,2,1,有,無,6650000,62736,,0.0,0,其他增建；,RPVNMLKMMHJGFAO98DA,99.85,0.0,6.15,無,
新竹市,房地(土地+建物)+車位,新竹市新竹市中央路１５６號十九樓之１,19.22,住,,,1130419,土地1建物1車位3,十九層,二十九層,住宅大樓(11層含以上有電梯),住家用,鋼筋混凝土造,0961101,396.99,4,2,3,有,有,48000000,120910,坡道平面,81.3,0,其他增建；,RPQQMLRJNHJGFAO66DA,190.37,0.0,18.16,有,
新竹市,房地(土地+建物)+車位,新竹市新竹市演藝路３３號八樓,21.22,住,,,1130403,土地1建物1車位1,八層,八層,華廈(10層含以下有電梯),住家用,鋼筋混凝土造,0850418,149.45999999999998,3,2,2,有,有,18800000,125786,坡道平面,0.0,0,,RPTNMLNKNHJGFAO98DA,76.26,2.14,6.59,有,
新竹市,房地(土地+建物),新竹市新竹市牛埔北路２５７巷３５號,61.25,,鄉村區,乙種建築用地,1130403,土地1建物1車位0,全,二層,透天厝,住家用,加強磚造,0650619,98.04,3,1,2,有,無,4950000,50490,,0.0,0,,RPRPMLOKNHJGFAO09DA,98.04,0.0,0.0,無,
新竹市,房地(土地+建物)+車位,新竹市新竹市長興街２７６巷１８號三樓之５,36.58,住,,,1130425,土地1建物1車位1,三層,五層,華廈(10層含以下有電梯),住家用,鋼筋混凝土造,1120630,109.96000000000001,3,2,2,有,有,9500000,86395,一樓平面,0.0,0,陽台外推；,RPWNMLPKNHJGFAO86DA,65.4,0.0,7.61,有,
新竹市,房地(土地+建物),新竹市新竹市林森路３１０號１０樓之１,12.37,商,,,1130414,土地1建物1車位0,十層,十二層,住宅大樓(11層含以上有電梯),住家用,鋼筋混凝土造,0850913,120.83,0,0,2,有,有,11000000,91037,,0.0,0,,RPPNMLQKNHJGFAO98EA,93.98,0.0,4.18,有,
新竹市,房地(土地+建物),新竹市新竹市閑谷一街１６５巷２號,254.66,,山坡地保育區,丙種建築用地,1130410,土地7建物1車位0,全,三層,透天厝,住家用,鋼筋混凝土造,1120510,200.73,4,2,4,有,有,18000000,89673,,0.0,0,,RPPQMLQKMHJGFAO09DA,186.16,0.0,14.58,無,021
新竹市,房地(土地+建物)+車位,新竹市新竹市經國路二段５３５之７號二樓,31.58,商,,,1130404,土地2建物1車位2,二層,十三層,住宅大樓(11層含以上有電梯),住家用,鋼筋混凝土造,0951220,223.60000000000002,4,2,2,有,有,23000000,102862,坡道平面,0.0,0,陽台外推；,RPRNMLTKMHJGFAO66DA,117.61,6.26,9.37,有,
新竹市,房地(土地+建物)+車位,新竹市新竹市自由路７１號十二樓之１,7.23,商,,,1130413,土地1建物1車位1,十二層,十三層,住宅大樓(11層含以上有電梯),住家用,鋼筋混凝土造,0920110,95.77000000000001,1,2,1,有,有,12200000,127389,坡道平面,16.67,0,其他增建；,RPUQMLQJNHJGFAO96DA,55.18,0.0,0.0,有,022
新竹市,房地(土地+建物)+車位,新竹市新竹市北新街１３１號三樓之２,6.13,住,,,1130410,土地2建物1車位1,三層,十層,華廈(10層含以下有電梯),辦公用,鋼筋混凝土造,0980319,47.59,0,0,0,無,有,8000000,168103,坡道機械,0.0,0,夾層；,RPVPMLSJNHJGFAO17DA,21.29,3.36,1.9,有,023
新竹市,土地,南門段三小段190-1地號,4.67,都市：其他:道路用地,,,1130422,土地1建物0車位0,,,其他,,,,0.0,0,0,0,無,無,624200,133662,,0.0,0,包含公共設施保留地用地；,RPSNMLMKNHJGFAO78DA,0.0,0.0,0.0,無,
新竹市,土地,竹蓮段900-2地號,40.48,都市：其他:道路用地,,,1130422,土地1建物0車位0,,,其他,,,,0.0,0,0,0,無,無,3099400,76566,,0.0,0,包含公共設施保留地用地；,RPTNMLMKNHJGFAO88DA,0.0,0.0,0.0,無,024
新竹市,土地,南門段四小段74-30地號,45.0,都市：其他:道路用地,,,1130422,土地3建物0車位0,,,其他,,,,0.0,0,0,0,無,無,2505400,55676,,0.0,0,包含公共設施保留地用地；,RPUNMLMKNHJGFAO98DA,0.0,0.0,0.0,無,025
新竹市,土地,建華段877-17地號,37.69,都市：其他:道路用地,,,1130416,土地1建物0車位0,,,其他,,,,0.0,0,0,0,無,無,1319700,35015,,0.0,0,包含公共設施保留地用地；,RPVNMLMKNHJGFAO09DA,0.0,0.0,0.0,無,026
新竹市,土地,民富段1448-3地號,59.0,都市：其他:道路用地,,,1130416,土地1建物0車位0,,,其他,,,,0.0,0,0,0,無,無,2748200,46580,,0.0,0,包含公共設施保留地用地；,RPWNMLMKNHJGFAO56DA,0.0,0.0,0.0,無,
新竹市,土地,北門段1865地號,13.33,都市：其他:道路用地,,,1130416,土地1建物0車位0,,,其他,,,,0.0,0,0,0,無,無,1768000,132633,,0.0,0,包含公共設施保留地用地；,RPXNMLMKNHJGFAO66DA,0.0,0.0,0.0,無,027
新竹市,土地,中興段508地號,91.67,,,,1130416,土地2建物0車位0,,,其他,,,,0.0,0,0,0,無,無,2722400,29698,,0.0,0,包含公共設施保留地用地；,RPOOMLMKNHJGFAO48DA,0.0,0.0,0.0,無,
新竹市,房地(土地+建物)+車位,新竹市新竹市西濱路一段１８５號九樓之７,17.93,住,,,1130420,土地1建物1車位2,九層,十五層,住宅大樓(11層含以上有電梯),住家用,鋼筋混凝土造,1111021,166.82999999999998,3,2,2,有,有,13000000,77924,坡道平面,74.46,0,,RPVPMLNKNHJGFAO76DA,58.68,0.0,4.18,有,028
新竹市,房地(土地+建物)+車位,新竹市新竹市關新路１９巷１０７號七樓,15.07,住,,,1130423,土地3建物1車位1,七層,十五層,住宅大樓(11層含以上有電梯),辦公用,鋼筋混凝土造,0980601,154.22,3,2,2,有,有,28000000,181559,坡道平面,0.0,0,,RPOOMLOKNHJGFAO68DA,81.98,0.0,10.01,有,029
新竹市,房地(土地+建物),新竹市新竹市中華路六段７９９巷８弄２２號８樓,22.84,,山坡地保育區,丙種建築用地,1130401,土地7建物1車位0,八層,十層,華廈(10層含以下有電梯),住家用,鋼筋混凝土造,0841016,91.92,2,2,1,有,有,5180000,56353,,0.0,0,,RPROMLPKNHJGFAO09DA,59.15,0.0,10.0,有,
新竹市,房地(土地+建物),新竹市新竹市中華路四段７０５之２０號四樓,6.81,工,,,1130414,土地2建物1車位0,四層,六層,華廈(10層含以下有電梯),住家用,鋼筋混凝土造,0960630,26.87,1,0,1,有,有,1800000,66989,,0.0,0,,RPSPMLQKNHJGFAO76DA,17.62,0.0,0.0,有,030
新竹市,房地(土地+建物)+車位,新竹市新竹市和平路１００號五樓之２,25.39,住,,,1130409,土地1建物1車位1,五層,八層,華廈(10層含以下有電梯),住家用,鋼筋混凝土造,0841214,145.72,3,2,2,有,有,12900000,88526,其他,0.0,0,陽台外推；,RPXQMLQKNHJGFAO37DA,94.77,0.0,13.23,有,031
新竹市,房地(土地+建物),新竹市新竹市文雅街１１８巷２６號４樓,43.25,住,,,1130425,土地2建物1車位0,四層,五層,公寓(5樓含以下無電梯),住家用,鋼筋混凝土造,,104.11,3,2,2,有,有,6700000,64355,,0.0,0,,RPOSMLQKNHJGFAO66DA,90.86,0.0,0.0,無,
新竹市,房地(土地+建物)+車位,新竹市新竹市四維路２１巷５７之２號,41.87,住,,,1130428,土地1建物1車位2,一層，見其他登記事項,十層,華廈(10層含以下有電梯),住家用,鋼筋混凝土造,1031225,269.99,0,0,0,無,有,24600000,91114,坡道平面,50.01,0,,RPPTMLQKNHJGFAO86DA,132.53,0.0,0.0,有,032
新竹市,房地(土地+建物),新竹市新竹市南大路６３４巷９號２樓,31.74,住,,,1130411,土地1建物1車位0,二層,五層,公寓(5樓含以下無電梯),住家用,鋼筋混凝土造,,80.07,3,2,2,有,無,4700000,58699,,0.0,0,,RPQOMLRKNHJGFAO56DA,80.07,0.0,0.0,無,
新竹市,房地(土地+建物),新竹市新竹市長春街１１８巷３０號,93.32,住,,,1130428,土地1建物1車位0,全,二層,透天厝,住家用,加強磚造,,128.94,4,2,5,有,無,19800000,153560,,0.0,0,親友、員工、共有人或其他特殊關係間之交易；,RPQPMLRKNHJGFAO66DA,128.94,0.0,0.0,無,
新竹市,房地(土地+建物),新竹市新竹市高翠路２７２號,79.15,都市：其他:保護區,,,1130420,土地1建物1車位0,全,二層,透天厝,住家用,加強磚造,0680118,134.1,0,0,2,有,無,21600000,161074,,0.0,0,頂樓、防火巷其他增建；,RPWPMLRKNHJGFAO27DA,134.1,0.0,0.0,無,
新竹市,土地,中寮段961地號,8.09,都市：其他:道路用地,,,1130424,土地2建物0車位0,,,其他,,,,0.0,0,0,0,無,無,53800,6650,,0.0,0,包含公共設施保留地用地；,RPQNMLQKNHJGFAO09EA,0.0,0.0,0.0,無,033
新竹市,房地(土地+建物)+車位,新竹市新竹市榮濱路１９巷１６號四樓之７,13.14,商,,,1130407,土地1建物1車位1,四層,十四層,住宅大樓(11層含以上有電梯),住家用,鋼筋混凝土造,1080201,105.53,2,1,1,有,有,7800000,92593,坡道平面,33.17,1100000,,RPPNMLRKNHJGFAO09EA,43.86,2.56,6.24,有,034
新竹市,房地(土地+建物),新竹市新竹市北大路５４巷１４號２樓,29.73,住,,,1130420,土地1建物1車位0,二層,五層,公寓(5樓含以下無電梯),住家用,鋼筋混凝土造,,121.37,3,2,2,有,無,5700000,46964,,0.0,0,,RPQNMLRKNHJGFAO56EA,94.03,0.0,8.97,無,035
新竹市,房地(土地+建物),新竹市新竹市東光路４２巷２８號,31.49,住,,,1130416,土地2建物1車位0,一層，騎樓,五層,公寓(5樓含以下無電梯),住家用,鋼筋混凝土造,0751016,118.88,0,0,0,無,有,15200000,127860,,0.0,0,其他增建；,RPRNMLRKNHJGFAO66EA,87.15,10.73,0.0,無,
新竹市,房地(土地+建物)+車位,新竹市新竹市武陵路１７５巷１７號１９樓之２,17.66,住,,,1130429,土地2建物1車位1,十九層,二十二層,住宅大樓(11層含以上有電梯),住家用,鋼筋混凝土造,0870718,161.95,3,2,2,有,有,14900000,92004,坡道平面,0.0,0,,RPWQMLQKNHJGFAO27DA,81.25,0.84,11.21,有,
新竹市,房地(土地+建物),新竹市新竹市新莊街１８５巷３１號五樓之６,15.83,住,,,1130410,土地1建物1車位0,五層,十三層,住宅大樓(11層含以上有電梯),住家用,鋼筋混凝土造,0970418,80.17,1,1,1,有,有,13020000,162405,,0.0,0,,RPQRMLRKNHJGFAO86DA,46.57,0.0,7.55,有,
新竹市,房地(土地+建物),新竹市新竹市振興路９９巷６號四樓,15.29,住,,,1130413,土地1建物1車位0,四層,七層,華廈(10層含以下有電梯),住家用,鋼筋混凝土造,0820717,73.71,2,2,1,有,有,6800000,92253,,0.0,0,,RPQNMLNKMHJGFAO58DA,49.16,0.0,7.0,有,
新竹市,房地(土地+建物),新竹市新竹市中華路三段９號１１樓之５,6.09,商,,,1130412,土地1建物1車位0,十一層,十六層,住宅大樓(11層含以上有電梯),辦公用,鋼筋混凝土造,0800708,73.96,0,0,0,無,有,3650000,49351,,0.0,0,含土地增值稅或其他稅費56602元；含地政士服務費26000元；,RPVPMLQKMHJGFAO96DA,54.33,0.0,0.0,有,
新竹市,房地(土地+建物)+車位,新竹市新竹市武陵路１７５巷９號６樓之５,16.09,住,,,1130407,土地2建物1車位1,六層,二十一層,住宅大樓(11層含以上有電梯),住家用,鋼筋混凝土造,0870718,156.60000000000002,3,2,1,有,有,15000000,95785,坡道平面,0.0,0,陽台加窗其他增建；,RPQOMLSKMHJGFAO56DA,76.82,0.84,10.29,有,
新竹市,房地(土地+建物)+車位,新竹市新竹市慈祥路８８號二樓之１,12.69,住,,,1130407,土地1建物1車位1,二層,十二層,住宅大樓(11層含以上有電梯),住家用,鋼筋混凝土造,1000324,114.56,2,2,1,有,有,19000000,165837,坡道平面,0.0,0,,RPRTMLNLMHJGFAO76DA,56.44,3.78,3.22,有,036
新竹市,房地(土地+建物)+車位,新竹市新竹市志平路１１３號三樓之２,82.48,,山坡地保育區,丙種建築用地,1130401,土地1建物1車位1,三層,十四層,住宅大樓(11層含以上有電梯),住家用,鋼骨造,0960716,223.98000000000002,3,2,2,有,有,16000000,71435,坡道平面,30.59,0,親友、員工、共有人或其他特殊關係間之交易；,RPUQMLKMMHJGFAO56DA,131.67,5.29,17.31,有,
新竹市,房地(土地+建物),新竹市新竹市光復路一段３８５巷９號５樓,25.7,住,,,1130415,土地1建物1車位0,五層,五層,公寓(5樓含以下無電梯),住家用,鋼筋混凝土造,0721111,102.8,4,2,3,有,有,8150000,79280,,0.0,0,陽台加窗、加蓋內梯陽台外推；頂樓加蓋；其他增建；,RPQOMLSJNHJGFAO56DA,74.44,0.0,16.16,無,
新竹市,房地(土地+建物),新竹市新竹市中正路４５２巷３９號,74.0,住,,,1130427,土地1建物1車位0,全,二層,透天厝,住家用,加強磚造,,92.7,4,3,3,有,無,9500000,102481,,0.0,0,含土地增值稅或其他稅費341412元；親友、員工、共有人或其他特殊關係間之交易；,RPURMLRKNHJGFAO27DA,92.7,0.0,0.0,無,
新竹市,土地,青山段173地號,1760.46,,山坡地保育區,農牧用地,1130419,土地4建物0車位0,,,其他,,,,0.0,0,0,0,無,無,4000000,2272,,0.0,0,親友、員工、共有人或其他特殊關係間之交易；,RPQOMLSKNHJGFAO66DA,0.0,0.0,0.0,無,037
新竹市,房地(土地+建物),新竹市新竹市北大路３３８號１１樓之２,5.03,商,,,1130417,土地1建物1車位0,十一層,二十四層,住宅大樓(11層含以上有電梯),住家用,鋼筋混凝土造,0860530,63.59,2,1,1,有,有,6500000,102217,,0.0,0,,RPSNMLKLNHJGFAO68DA,39.85,0.0,8.67,有,
新竹市,房地(土地+建物)+車位,新竹市新竹市經國路三段７３巷２０弄４號３樓,32.51,住,,,1130412,土地1建物1車位1,三層,五層,華廈(10層含以下有電梯),住家用,鋼筋混凝土造,0810125,131.57,3,2,2,有,有,10300000,78285,坡道平面,0.0,0,,RPTNMLKLNHJGFAO78DA,109.93,0.0,9.77,有,
新竹市,土地,西濱段172地號,601.02,,,,1130423,土地1建物0車位0,,,其他,,,,0.0,0,0,0,無,無,23085178,38410,,0.0,0,包含公共設施保留地用地；,RPQOMLKLNHJGFAO58DA,0.0,0.0,0.0,無,038
新竹市,土地,東濱段357-2地號,25.58,都市：其他:道路用地,,,1130423,土地1建物0車位0,,,其他,,,,0.0,0,0,0,無,無,1208916,47260,,0.0,0,包含公共設施保留地用地；,SPQOMLKLNHJGFAO68DA,0.0,0.0,0.0,無,010
新竹市,房地(土地+建物),新竹市新竹市湳雅街３０１號２樓,11.21,住,,,1130403,土地2建物1車位0,二層,七層,華廈(10層含以下有電梯),住家用,鋼筋混凝土造,0841102,61.38,2,1,1,有,有,6500000,105898,,0.0,0,其他增建；,RPSPMLKLNHJGFAO88DA,42.13,1.45,7.16,有,040
新竹市,房地(土地+建物)+車位,新竹市新竹市慈雲路８６號二十一樓之５,13.48,商,,,1130410,土地1建物1車位1,二十一層,二十九層,住宅大樓(11層含以上有電梯),住家用,鋼筋混凝土造,1080425,172.14999999999998,3,2,2,有,有,28850000,167577,坡道平面,0.0,0,其他增建；,RPXPMLKLNHJGFAO76DA,78.97,4.58,8.41,有,041
新竹市,房地(土地+建物)+車位,新竹市新竹市牛埔路１３５之５號十三樓,10.76,住,,,1130412,土地1建物1車位1,十三層,十五層,住宅大樓(11層含以上有電梯),住家用,鋼筋混凝土造,0970131,103.9,1,1,1,有,有,9500000,91434,坡道平面,34.82,0,陽台加窗其他增建；,RPRNMLLLNHJGFAO68DA,46.25,0.93,2.56,有,
新竹市,房地(土地+建物),新竹市新竹市境福街８５號二樓之６,6.59,住,,,1130428,土地1建物1車位0,二層,七層,華廈(10層含以下有電梯),住家用,鋼筋混凝土造,0960625,38.33,1,0,1,有,有,4150000,108270,,0.0,0,陽台外推；,RPUNMLLLNHJGFAO98DA,19.0,1.04,6.18,有,
新竹市,房地(土地+建物)+車位,新竹市新竹市武陵路２５０巷５７號６樓,28.13,住,,,1130413,土地1建物1車位1,六層,七層,華廈(10層含以下有電梯),住家用,鋼筋混凝土造,,138.26,3,2,2,有,有,13250000,95834,坡道平面,0.0,0,陽台外推；,RPOQMLSKMHJGFAO56DA,81.06,0.0,13.4,有,042
新竹市,土地,湖港段217地號,11.3,,鄉村區,乙種建築用地,1130404,土地1建物0車位0,,,其他,,,,0.0,0,0,0,無,無,341977,30263,,0.0,0,,RPORMLKMMHJGFAO68DA,0.0,0.0,0.0,無,
新竹市,房地(土地+建物),新竹市新竹市光復路一段７５號３樓,14.21,住,,,1130414,土地1建物1車位0,三層,十二層,住宅大樓(11層含以上有電梯),住家用,鋼筋混凝土造,0821213,99.08000000000001,2,2,1,有,有,9700000,97901,,0.0,0,,RPWUMLKMMHJGFAO17DA,71.13,0.0,3.02,有,
新竹市,房地(土地+建物)+車位,新竹市新竹市埔頂路１４５號７樓之１,17.02,住,,,1130403,土地4建物1車位1,七層,七層,華廈(10層含以下有電梯),住家用,鋼筋混凝土造,0841208,124.68,3,2,2,有,有,15200000,121912,坡道平面,0.0,0,,RPRQMLOKNHJGFAO56DA,90.83,0.91,9.8,有,043
新竹市,房地(土地+建物),新竹市新竹市田美三街３８之２號,75.0,住,,,1130409,土地1建物1車位0,全,二層,透天厝,住家用,加強磚造,0730927,116.92,5,3,4,有,無,10000000,85529,,0.0,0,親友、員工、共有人或其他特殊關係間之交易；頂樓加蓋；,RPTPMLPKNHJGFAO76DA,116.92,0.0,0.0,無,
新竹市,房地(土地+建物)+車位,新竹市新竹市中正路１８６巷８號３樓,40.7,住,,,1130413,土地1建物2車位1,三層,五層,華廈(10層含以下有電梯),住家用,鋼筋混凝土造,0771118,159.32,3,2,2,有,有,8000000,50213,坡道平面,0.0,0,,RPTOMLQKNHJGFAO76DA,125.2,0.0,13.29,有,
新竹市,房地(土地+建物),新竹市新竹市光華北街６５號２樓之２,5.72,住,,,1130420,土地1建物1車位0,二層,七層,華廈(10層含以下有電梯),住家用,鋼筋混凝土造,0810107,26.46,1,1,1,有,無,4300000,162509,,0.0,0,其他增建；,RPWOMLRKNHJGFAO17DA,17.3,0.0,0.0,有,044
新竹市,房地(土地+建物)+車位,新竹市新竹市明湖路１０５０巷８６號４樓,40.72,,山坡地保育區,丙種建築用地,1130420,土地3建物1車位1,四層,五層,公寓(5樓含以下無電梯),住家用,鋼筋混凝土造,0821216,121.00999999999999,3,2,2,有,有,7350000,60739,坡道平面,0.0,0,,RPPNMLLLNHJGFAO48DA,62.75,0.0,8.05,無,045
新竹市,房地(土地+建物),新竹市新竹市榮濱路１９巷１６號十一樓之６,13.03,商,,,1130409,土地1建物1車位0,十一層,十四層,住宅大樓(11層含以上有電梯),住家用,鋼筋混凝土造,1080201,68.62,2,1,1,有,有,6670000,97202,,0.0,0,,RPQNMLMLNHJGFAO78EA,43.53,2.51,3.01,有,046
新竹市,房地(土地+建物),新竹市新竹市五福路一段１９巷１９弄２號,136.9,,山坡地保育區,丙種建築用地,1130411,土地4建物1車位0,全,四層,透天厝,住家用,鋼筋混凝土造,0871228,164.23,3,2,3,有,有,12500000,76113,,0.0,0,含土地增值稅或其他稅費183931元；頂樓加蓋；,RPUNMLMLNHJGFAO56EA,148.31,10.78,5.14,無,047
新竹市,房地(土地+建物),新竹市新竹市明湖路１００８巷１２號二樓之６,26.96,,鄉村區,乙種建築用地,1130407,土地1建物1車位0,二層,五層,華廈(10層含以下有電梯),住家用,鋼筋混凝土造,1030410,84.32,2,2,1,有,有,10000000,118596,,0.0,0,,RPUPMLSKMHJGFAO07DA,52.93,0.0,5.54,有,048
新竹市,房地(土地+建物),新竹市新竹市埔頂路２４５之１號４樓,17.9,住,,,1130426,土地1建物1車位0,四層,八層,華廈(10層含以下有電梯),住家用,鋼筋混凝土造,0860805,93.76,2,2,1,有,有,12700000,135452,,0.0,0,,RPPNMLSLMHJGFAO09DA,64.76,0.0,8.17,有,049
新竹市,房地(土地+建物)+車位,新竹市新竹市海濱路１４３號七樓之２,34.9,住,,,1130409,土地1建物1車位1,七層,九層,華廈(10層含以下有電梯),住家用,鋼筋混凝土造,1100604,203.63,3,2,2,有,有,16300000,80047,坡道平面,37.16,0,,RPOUMLKMMHJGFAO98DA,100.48,0.0,10.06,有,050
新竹市,房地(土地+建物)+車位,新竹市新竹市興中街４６之２號３樓,20.73,住,,,1130406,土地2建物1車位1,三層,七層,華廈(10層含以下有電梯),住家用,鋼筋混凝土造,,113.77000000000001,3,2,2,有,無,13000000,114266,坡道機械,0.0,0,陽台外推；,RPVNMLLJNHJGFAO88DA,74.31,0.0,9.64,有,051
新竹市,房地(土地+建物),新竹市新竹市中山路６４０巷５８６號７樓,22.81,住,,,1130417,土地1建物1車位0,七層,八層,華廈(10層含以下有電梯),住家用,鋼筋混凝土造,0870530,111.49,3,2,2,有,有,10500000,94179,,0.0,0,,RPPNMLMJNHJGFAO38DA,76.97,0.0,12.69,有,052
新竹市,房地(土地+建物),新竹市新竹市中正路９６巷１號六樓之３,2.54,商,,,1130406,土地1建物1車位0,六層,十層,華廈(10層含以下有電梯),辦公用,鋼筋混凝土造,0971230,18.46,1,1,1,有,有,3000000,162602,,0.0,0,親友、員工、共有人或其他特殊關係間之交易；,RPSQMLQJNHJGFAO76DA,9.75,1.17,0.93,有,053
新竹市,車位,新竹市新竹市關新路２７號,0.98,工,,,1130425,土地1建物1車位1,一層,十八層,其他,守衛室,鋼筋混凝土造,0970911,28.180000000000003,0,0,0,無,有,1500000,,坡道平面,0.0,1500000,僅車位交易；,RPRRMLRKNHJGFAO96DA,0.0,0.0,0.0,有,054
新竹市,房地(土地+建物),新竹市新竹市愛文街１４８號七樓,95.49,商,,,1130412,土地1建物5車位0,七層,七層,華廈(10層含以下有電梯),住家用,鋼筋混凝土造,1041118,594.31,5,0,0,有,無,44000000,74035,,0.0,0,,RPRNMLMLNHJGFAO78DA,363.35,0.0,47.93,有,
新竹市,房地(土地+建物)+車位,新竹市新竹市中山路４２號十七樓之１,17.31,商,,,1130416,土地1建物1車位2,十七層,二十四層,住宅大樓(11層含以上有電梯),住家用,鋼筋混凝土造,1041030,227.07999999999998,4,2,2,有,有,37200000,163819,坡道平面,0.0,0,,RPTNMLMLNHJGFAO98DA,101.31,2.25,10.55,有,055
新竹市,房地(土地+建物),新竹市新竹市東大路三段４８１號二樓,34.21,住,,,1130413,土地2建物1車位0,二層,五層,公寓(5樓含以下無電梯),住家用,鋼筋混凝土造,1130103,120.39000000000001,2,2,2,有,無,9770000,81153,,0.0,0,,RPPPMLNLNHJGFAO88DA,78.66,0.0,9.24,無,
新竹市,房地(土地+建物),新竹市新竹市東大路三段４８１號三樓,34.21,住,,,1130413,土地2建物1車位0,三層,五層,公寓(5樓含以下無電梯),住家用,鋼筋混凝土造,1130103,120.39000000000001,2,2,2,有,無,9770000,81153,,0.0,0,,RPSPMLNLNHJGFAO56DA,78.66,0.0,9.24,無,
新竹市,房地(土地+建物),新竹市新竹市東大路三段４８１號四樓,34.21,住,,,1130413,土地2建物1車位0,四層,五層,公寓(5樓含以下無電梯),住家用,鋼筋混凝土造,1130103,120.39000000000001,2,2,2,有,無,9770000,81153,,0.0,0,,RPVPMLNLNHJGFAO86DA,78.66,0.0,9.24,無,
新竹市,土地,復興段398地號,15.57,,,,1130416,土地6建物0車位0,,,其他,,,,0.0,0,0,0,無,無,1507200,96802,,0.0,0,親友、員工、共有人或其他特殊關係間之交易；包含公共設施保留地用地；,RPUNMLLLNHJGFAO09EA,0.0,0.0,0.0,無,056
新竹市,房地(土地+建物),新竹市新竹市浸水街３４巷５７號２樓之４,36.9,工,,,1130410,土地2建物1車位0,二層,六層,華廈(10層含以下有電梯),住工用,鋼筋混凝土造,0810323,106.48,3,2,2,有,無,8500000,79827,,0.0,0,陽台外推；,RPPNMLRKMHJGFAO88DA,94.83,0.0,11.65,有,057
新竹市,房地(土地+建物),新竹市新竹市光復路一段３１３號７樓之５,5.17,住,,,1130408,土地1建物1車位0,七層,七層,華廈(10層含以下有電梯),住家用,鋼筋混凝土造,0790605,33.35,1,1,1,有,無,4500000,134933,,0.0,0,,RPXPMLNLMHJGFAO96DA,21.82,0.0,0.0,有,
新竹市,房地(土地+建物),新竹市新竹市南大路４２３巷３１號二樓之３,24.18,住,,,1130411,土地2建物1車位0,二層，三層,五層,華廈(10層含以下有電梯),住家用,鋼筋混凝土造,1130205,79.8,2,2,2,有,無,14280000,178947,,0.0,0,,RPQOMLQLMHJGFAO09DA,59.92,0.0,2.02,有,
新竹市,房地(土地+建物),新竹市新竹市南大路４２３巷３１號四樓之３,24.18,住,,,1130422,土地2建物1車位0,四層，五層,五層,華廈(10層含以下有電梯),住家用,鋼筋混凝土造,1130205,79.8,2,2,2,有,無,14380000,180201,,0.0,0,,RPRNMLSLMHJGFAO66DA,59.92,0.0,2.02,有,
新竹市,土地,崙子段1688-5地號,77.0,住,,,1130430,土地1建物0車位0,,,其他,,,,0.0,0,0,0,無,無,8970500,116500,,0.0,0,水利地承購；,RPQNMLMJNHJGFAO48DA,0.0,0.0,0.0,無,
新竹市,房地(土地+建物)+車位,新竹市新竹市經國路二段１８７號七樓之１,11.73,商,,,1130414,土地1建物1車位1,七層,十一層,住宅大樓(11層含以上有電梯),辦公用,鋼筋混凝土造,0971108,105.93,3,2,2,有,有,13380000,126310,坡道平面,23.41,0,夾層；,RPVQMLNJNHJGFAO76DA,48.61,3.42,5.06,有,
新竹市,房地(土地+建物),新竹市新竹市中華路四段７０５之２３號五樓,6.81,工,,,1130429,土地2建物1車位0,五層,六層,華廈(10層含以下有電梯),住家用,鋼筋混凝土造,0960630,29.14,1,1,1,有,有,1850000,63487,,0.0,0,,RPTNMLTJNHJGFAO86DA,15.63,3.28,0.0,有,
新竹市,房地(土地+建物),新竹市新竹市成德路１８０號５樓,30.83,住,,,1130419,土地1建物1車位0,五層,五層,公寓(5樓含以下無電梯),住家用,鋼筋混凝土造,0800705,111.19000000000001,5,0,5,有,無,5250000,47216,,0.0,0,其他增建；,RPWNMLTJNHJGFAO17DA,84.53,0.0,9.15,無,058
新竹市,房地(土地+建物)+車位,新竹市新竹市竹光路９５巷２１弄１２號三樓,10.4,住,,,1130428,土地2建物1車位1,三層,十五層,住宅大樓(11層含以上有電梯),住家用,鋼筋混凝土造,1040224,50.19,3,2,2,有,有,6000000,119546,坡道平面,0.0,0,親友、員工、共有人或其他特殊關係間之交易；,RPOTMLQKNHJGFAO76DA,25.75,0.0,2.79,有,059
新竹市,房地(土地+建物),新竹市新竹市柯湳一街８０巷１２號三樓,63.07,,山坡地保育區,丙種建築用地,1130406,土地2建物1車位0,三層,五層,公寓(5樓含以下無電梯),住家用,鋼筋混凝土造,0900510,82.17999999999999,2,1,2,有,有,4050000,49282,,0.0,0,,RPXOMLKLNHJGFAO66DA,68.15,0.0,5.9,無,060
新竹市,房地(土地+建物),新竹市新竹市東大路三段５０５號,75.78,住,,,1130412,土地1建物1車位0,全,五層,透天厝,住家用,加強磚造,0680701,216.71,7,2,8,有,無,15000000,69217,,0.0,0,,RPSNMLNLNHJGFAO98DA,216.71,0.0,0.0,無,
新竹市,房地(土地+建物)+車位,新竹市新竹市牛埔東路１之７號十一樓,18.83,住,,,1130414,土地1建物1車位1,十一層,十五層,住宅大樓(11層含以上有電梯),住家用,鋼筋混凝土造,0970131,156.0,3,2,2,有,有,15200000,97436,坡道平面,34.82,0,陽台外推；,RPUOMLNLNHJGFAO66DA,75.27,2.05,10.09,有,
新竹市,土地,復興段398地號,15.57,,,,1130416,土地6建物0車位0,,,其他,,,,0.0,0,0,0,無,無,1507200,96802,,0.0,0,親友、員工、共有人或其他特殊關係間之交易；包含公共設施保留地用地；,RPVNMLLLNHJGFAO56EA,0.0,0.0,0.0,無,056
新竹市,房地(土地+建物),新竹市新竹市林森路３１０號１０樓之２,4.09,商,,,1130414,土地1建物1車位0,十層,十二層,住宅大樓(11層含以上有電梯),住家用,鋼筋混凝土造,0850913,35.55,1,0,1,有,有,3250000,91421,,0.0,0,,RPPNMLOLNHJGFAO88EA,29.02,0.0,0.0,有,
新竹市,房地(土地+建物),新竹市新竹市明湖路１０５０巷９６號５樓,21.18,,山坡地保育區,丙種建築用地,1130429,土地3建物1車位0,五層,五層,華廈(10層含以下有電梯),住家用,鋼筋混凝土造,0831114,73.23,3,2,3,有,有,5850000,79885,,0.0,0,,RPRTMLKMMHJGFAO56DA,34.21,0.0,5.6,有,062
新竹市,房地(土地+建物),新竹市新竹市牛埔路２３號,101.0,住,,,1130429,土地1建物1車位0,全,二層,透天厝,,加強磚造,0601215,133.02,3,2,2,有,無,22000000,165389,,0.0,0,其他增建；,RPRNMLLJNHJGFAO48DA,133.02,0.0,0.0,無,063
新竹市,房地(土地+建物)+車位,新竹市新竹市慈濟路１６９號十八樓,15.72,商,,,1130415,土地1建物1車位1,十八層,二十四層,住宅大樓(11層含以上有電梯),住家用,鋼筋混凝土造,1100104,156.0,3,2,2,有,有,30260000,193974,坡道平面,27.54,0,,RPOOMLLJNHJGFAO28DA,73.89,5.79,4.16,有,064
新竹市,土地,建華段148地號,1229.46,都市：其他:道路用地,,,1130425,土地5建物0車位0,,,其他,,,,0.0,0,0,0,無,無,64432350,52407,,0.0,0,包含公共設施保留地用地；,RPWOMLQJNHJGFAO96DA,0.0,0.0,0.0,無,
新竹市,土地,建華段9地號,1.4,住,,,1130425,土地1建物0車位0,,,其他,,,,0.0,0,0,0,無,無,127191,90851,,0.0,0,,RPOPMLQJNHJGFAO88DA,0.0,0.0,0.0,無,
新竹市,房地(土地+建物)+車位,新竹市新竹市西大路７３６巷９號３樓之２,27.87,住,,,1130413,土地1建物1車位1,三層,六層,華廈(10層含以下有電梯),住家用,鋼筋混凝土造,0840315,118.09,3,2,2,有,有,9400000,79600,其他,0.0,0,,RPRPMLSJNHJGFAO76DA,76.85,1.05,10.15,有,065
新竹市,土地,崙子段2069地號,6.92,住,,,1130414,土地3建物0車位0,,,其他,,,,0.0,0,0,0,無,無,1129090,163163,,0.0,0,,RPPNMLLKNHJGFAO38DA,0.0,0.0,0.0,無,001
新竹市,房地(土地+建物),新竹市新竹市振興一街１１２號５樓,30.69,住,,,1130425,土地1建物1車位0,五層,五層,華廈(10層含以下有電梯),住家用,鋼筋混凝土造,0820906,106.47,3,2,2,有,有,9600000,90166,,0.0,0,陽台加窗、陽台加裝遮雨棚其他增建；,RPOQMLOKNHJGFAO88DA,79.96,0.0,15.34,有,
新竹市,房地(土地+建物),新竹市新竹市金山二十三街１００號,83.01,住,,,1130428,土地1建物1車位0,全,五層,透天厝,住商用,鋼筋混凝土造,1011227,240.22,6,2,5,有,無,38800000,161519,,0.0,0,,RPOQMLPKNHJGFAO98DA,225.28,0.0,14.94,無,067
新竹市,房地(土地+建物)+車位,新竹市新竹市長興街３２巷３號二樓,44.42,住,,,1130409,土地2建物1車位1,二層,五層,華廈(10層含以下有電梯),住家用,鋼筋混凝土造,1130108,103.94,3,2,2,有,無,8500000,81778,一樓平面,0.0,0,,RPPRMLQKNHJGFAO66DA,64.76,0.0,7.06,有,
新竹市,房地(土地+建物)+車位,新竹市新竹市長興街３２巷１號四樓,44.16,住,,,1130409,土地2建物1車位1,四層,五層,華廈(10層含以下有電梯),住家用,鋼筋混凝土造,1130108,103.17,3,2,2,有,無,8500000,82388,一樓平面,0.0,0,,RPQRMLQKNHJGFAO76DA,64.23,0.0,7.06,有,
新竹市,房地(土地+建物)+車位,新竹市新竹市長興街３２巷１號二樓,44.16,住,,,1130413,土地2建物1車位1,二層,五層,華廈(10層含以下有電梯),住家用,鋼筋混凝土造,1130108,103.17,3,2,2,有,無,8750000,84811,一樓平面,0.0,0,,RPRRMLQKNHJGFAO86DA,64.23,0.0,7.06,有,
新竹市,房地(土地+建物),新竹市新竹市武陵路１７７之２號,18.35,住,,,1130415,土地1建物1車位0,一層,二十二層,住宅大樓(11層含以上有電梯),商業用,鋼筋混凝土造,0870623,103.63000000000001,0,0,0,無,有,11000000,106147,,0.0,0,,RPVPMLLLNHJGFAO66DA,78.54,0.0,13.33,有,068
新竹市,房地(土地+建物),新竹市新竹市中華路四段７０３號五樓,6.81,工,,,1130428,土地2建物1車位0,五層,六層,華廈(10層含以下有電梯),住家用,鋼筋混凝土造,0960630,27.299999999999997,1,1,1,有,有,1380000,50549,,0.0,0,親友、員工、共有人或其他特殊關係間之交易；,RPPPMLMLNHJGFAO78DA,17.17,0.53,0.0,有,069
新竹市,房地(土地+建物)+車位,新竹市新竹市西大路９７巷１６弄１２號三樓之１,19.19,住,,,1130419,土地1建物1車位1,三層,五層,華廈(10層含以下有電梯),住家用,鋼筋混凝土造,1091030,68.97,2,2,1,有,無,11880000,172249,其他,10.35,0,其他增建；,RPTNMLOLNHJGFAO56DA,41.42,0.0,0.0,有,070
新竹市,房地(土地+建物),新竹市新竹市榮濱路１９巷２５號五樓之３,7.83,商,,,1130409,土地1建物1車位0,五層,十一層,住宅大樓(11層含以上有電梯),住家用,鋼筋混凝土造,1021220,44.81,1,1,1,有,有,4150000,92613,,0.0,0,,RPRPMLOLNHJGFAO56DA,26.18,3.0,0.0,有,071
新竹市,房地(土地+建物),新竹市新竹市中華路二段７３６號７樓之７,4.36,商,,,1130427,土地2建物1車位0,七層,十二層,住宅大樓(11層含以上有電梯),其他,鋼筋混凝土造,,50.97,1,0,1,有,有,4350000,85344,,0.0,0,陽台外推；,RPRNMLPLNHJGFAO09DA,32.57,0.0,7.82,有,
新竹市,房地(土地+建物),新竹市新竹市明湖路１０５０巷３７８號　,47.69,,山坡地保育區,丙種建築用地,1130407,土地2建物1車位0,一層,五層,公寓(5樓含以下無電梯),住家用,鋼筋混凝土造,0870826,97.85,3,2,2,有,無,6950000,71027,,0.0,0,陽台外推；,RPQNMLQLNHJGFAO09DA,79.76,10.18,0.0,無,
新竹市,房地(土地+建物)+車位,新竹市新竹市關新路１９巷１８號三樓,16.89,住,,,1130430,土地3建物1車位1,三層,十四層,住宅大樓(11層含以上有電梯),辦公用,鋼筋混凝土造,0971022,152.49,3,2,2,有,有,24000000,157398,坡道平面,0.0,0,陽台外推；,RPRNMLRLNHJGFAO66DA,79.15,0.0,9.25,有,
新竹市,房地(土地+建物),新竹市新竹市牛埔路１４巷６弄１９－１９號２Ｆ,22.43,住,,,1130414,土地1建物1車位0,二層,八層,華廈(10層含以下有電梯),住家用,鋼筋混凝土造,0830603,122.75,3,2,2,有,有,12150000,98982,,0.0,0,,RPWPMLTKMHJGFAO37DA,87.15,0.0,9.48,有,
新竹市,房地(土地+建物),新竹市新竹市金山東街３７號三樓之四,9.03,住,,,1130427,土地1建物1車位0,三層,五層,華廈(10層含以下有電梯),住家用,鋼筋混凝土造,0871119,33.74,1,1,1,有,有,4450000,131891,,0.0,0,其他增建；,RPVNMLLLNHJGFAO09DA,20.47,1.29,0.0,有,
新竹市,房地(土地+建物),新竹市新竹市林森路２７５號１０樓之５,2.7,商,,,1130420,土地1建物1車位0,十層,十七層,住宅大樓(11層含以上有電梯),辦公用,鋼筋混凝土造,0860520,32.43,1,1,1,有,有,3200000,98674,,0.0,0,,RPUNMLMLNHJGFAO09DA,23.53,0.48,0.07,有,
新竹市,土地,成德段182-1地號,121.18,都市：其他:道路用地,,,1130429,土地1建物0車位0,,,其他,,,,0.0,0,0,0,無,無,6199325,51158,,0.0,0,包含公共設施保留地用地；,RPVOMLMLNHJGFAO66DA,0.0,0.0,0.0,無,
新竹市,土地,北門段834-1地號,138.53,都市：其他:道路用地,,,1130425,土地4建物0車位0,,,其他,,,,0.0,0,0,0,無,無,10322757,74516,,0.0,0,包含公共設施保留地用地；,RPSRMLNLNHJGFAO76DA,0.0,0.0,0.0,無,
新竹市,土地,竹蓮段2602地號,24.75,都市：其他:道路用地,,,1130311,土地1建物0車位0,,,其他,,,,0.0,0,0,0,無,無,1001880,40480,,0.0,0,親友、員工、共有人或其他特殊關係間之交易；包含公共設施保留地用地；,RPOPMLLLLHJGFAO38DA,0.0,0.0,0.0,無,072
新竹市,房地(土地+建物)+車位,新竹市新竹市東大路三段３２６號三樓之８,59.73,住,,,1130327,土地2建物1車位2,三層,八層,華廈(10層含以下有電梯),住家用,鋼筋混凝土造,1041207,239.13,4,2,2,有,有,21000000,87818,坡道平面,69.82,0,其他增建；,RPSOMLLMLHJGFAO78DA,107.35,0.0,10.15,有,073
新竹市,房地(土地+建物)+車位,新竹市新竹市振興路１０２巷１號五樓之１,31.6,住,,,1130330,土地1建物1車位1,五層,五層,華廈(10層含以下有電梯),住家用,鋼筋混凝土造,1091229,88.7,2,2,1,有,有,11750000,132469,其他,0.0,0,陽台外推；,RPUNMLLKMHJGFAO78DA,51.59,0.0,4.62,有,074
新竹市,房地(土地+建物)+車位,新竹市新竹市長興街３２巷３號四樓,44.42,住,,,1130329,土地2建物1車位1,四層,五層,華廈(10層含以下有電梯),住家用,鋼筋混凝土造,1130108,103.94,3,2,2,有,無,8500000,81778,一樓平面,0.0,0,,RPTPMLQLMHJGFAO86DA,64.76,0.0,7.06,有,
新竹市,房地(土地+建物)+車位,新竹市新竹市中正路２２３巷２之２號九樓之２,20.11,商,,,1130302,土地3建物1車位2,九層,十二層,住宅大樓(11層含以上有電梯),住家用,鋼筋混凝土造,0950217,203.23000000000002,4,2,2,有,有,22300000,109728,坡道機械,0.0,0,其他增建；,RPTQMLQJNHJGFAO86DA,113.04,0.0,11.22,有,
新竹市,房地(土地+建物),新竹市新竹市光復路二段１６５巷８號４樓,29.6,商,,,1130330,土地1建物1車位0,四層,五層,公寓(5樓含以下無電梯),住家用,鋼筋混凝土造,0740903,104.35,5,1,3,有,無,9000000,86248,,0.0,0,其他增建；,RPPPMLSJNHJGFAO56DA,86.8,0.0,10.8,無,
新竹市,房地(土地+建物),新竹市新竹市武陵西二路１３號５樓,44.36,住,,,1130310,土地12建物1車位0,五層,五層,公寓(5樓含以下無電梯),住家用,鋼筋混凝土造,0710819,83.79,3,2,2,有,無,6600000,78768,,0.0,0,陽台外推；,RPTOMLLLLHJGFAO78DA,74.79,0.0,9.0,無,
新竹市,房地(土地+建物)+車位,新竹市新竹市和平路８２號８樓,16.79,住,,,1130324,土地1建物1車位1,八層,十三層,住宅大樓(11層含以上有電梯),住家用,鋼筋混凝土造,0860710,156.61,3,2,2,有,有,10000000,63853,坡道平面,0.0,0,親友、員工、共有人或其他特殊關係間之交易；,RPTOMLSLLHJGFAO86DA,89.85,2.55,12.21,有,075
新竹市,房地(土地+建物),新竹市新竹市集和街６３巷１號,81.0,住,,,1130328,土地1建物1車位0,全,二層,透天厝,住家用,加強磚造,0510625,139.44,5,2,2,有,無,16500000,118330,,0.0,0,,RPOOMLNJMHJGFAO38DA,139.44,0.0,0.0,無,
新竹市,房地(土地+建物),新竹市新竹市光復路一段４１巷１６號,85.14,住,,,1130312,土地1建物1車位0,全,二層,透天厝,住家用,鋼筋混凝土造,0760228,124.47,7,3,3,有,無,18750000,150639,,0.0,0,壹樓空地、3F、4F,RPSOMLPKMHJGFAO09DA,105.13,12.74,6.6,無,
新竹市,房地(土地+建物),新竹市新竹市芝柏三街３０號,63.01,,山坡地保育區,丙種建築用地,1130322,土地1建物1車位0,全,二層,透天厝,住家用,加強磚造,0720121,86.3,12,1,12,有,無,7750000,89803,,0.0,0,,RPTOMLSKMHJGFAO86DA,79.5,6.8,0.0,無,
新竹市,房地(土地+建物)+車位,新竹市新竹市頂埔路２２巷５號,18.87,商,,,1130329,土地1建物1車位1,一層，二層，騎樓,十層,華廈(10層含以下有電梯),商業用,鋼筋混凝土造,0840619,152.08,2,2,2,有,有,12980000,85350,坡道機械,0.0,0,其他增建；,RPUOMLMLMHJGFAO09DA,121.62,0.0,4.22,有,
新竹市,房地(土地+建物),新竹市新竹市勝利路２０２巷６號,48.0,商,,,1130329,土地1建物1車位0,全,四層,透天厝,住家用,鋼筋混凝土造,0710213,103.3,3,2,3,有,無,12300000,119071,,0.0,0,其他增建；,RPTOMLSJNHJGFAO86DA,103.3,0.0,0.0,無,076
新竹市,房地(土地+建物)+車位,新竹市新竹市南大路５２３之１號９樓,13.67,住,,,1130319,土地2建物1車位1,九層,十二層,住宅大樓(11層含以上有電梯),住家用,鋼筋混凝土造,0840524,144.89,3,2,2,有,有,12650000,87308,坡道機械,0.0,0,其他增建；,RPUOMLSJNHJGFAO96DA,96.16,0.0,14.19,有,
新竹市,房地(土地+建物)+車位,新竹市新竹市金雅八街９２號十一樓之２,21.31,,鄉村區,乙種建築用地,1130324,土地1建物1車位1,十一層,十二層,住宅大樓(11層含以上有電梯),住家用,鋼筋混凝土造,1130205,115.46000000000001,2,2,1,有,有,15980000,138403,坡道平面,32.62,0,,RPPOMLNKNHJGFAO68DA,50.25,0.0,4.86,有,077
新竹市,房地(土地+建物),新竹市新竹市振興路６９號四樓,24.87,住,,,1130317,土地1建物1車位0,四層,七層,華廈(10層含以下有電梯),住家用,鋼筋混凝土造,0821125,122.49000000000001,3,2,2,有,有,8550000,69802,,0.0,0,其他增建；,RPOPMLOKNHJGFAO78DA,79.52,0.0,9.79,有,
新竹市,房地(土地+建物),新竹市新竹市武陵路２７１巷３１弄７號４樓,31.67,住,,,1130330,土地2建物1車位0,四層,六層,華廈(10層含以下有電梯),住家用,鋼筋混凝土造,0810530,140.53,4,2,2,有,無,11500000,81833,,0.0,0,陽台外推；其他增建；,RPVPMLPKNHJGFAO96DA,93.01,0.0,9.83,有,
新竹市,房地(土地+建物),新竹市新竹市建中一路２３巷２０號５樓,14.27,商,,,1130331,土地1建物1車位0,五層,十二層,住宅大樓(11層含以上有電梯),住家用,鋼筋混凝土造,,118.21000000000001,3,2,2,有,有,12500000,105744,,0.0,0,陽台加窗加鐵窗、窗戶加窗其他增建；,RPPOMLQKNHJGFAO98DA,80.04,0.0,11.64,有,
新竹市,房地(土地+建物)+車位,新竹市新竹市公道五路二段３７３號二樓之１,30.9,住,,,1130330,土地1建物1車位1,二層,十三層,住宅大樓(11層含以上有電梯),住家用,鋼筋混凝土造,0961206,180.51,4,2,2,有,有,25200000,139597,坡道平面,0.0,0,陽台加窗陽台外推；其他增建；,RPQPMLQKNHJGFAO56DA,95.14,6.78,13.45,有,
新竹市,房地(土地+建物),新竹市新竹市光華街１６之１號６樓,21.7,住,,,1130330,土地1建物1車位0,六層,七層,華廈(10層含以下有電梯),住家用,鋼筋混凝土造,,120.63,3,2,2,有,有,12580000,104286,,0.0,0,,RPTRMLQKNHJGFAO07DA,84.53,0.0,10.68,有,078
新竹市,房地(土地+建物)+車位,新竹市新竹市香北一路１５８巷２８號二樓,34.35,住,,,1130311,土地2建物1車位1,二層,五層,華廈(10層含以下有電梯),住家用,鋼筋混凝土造,1130108,101.60000000000001,3,2,2,有,有,8570000,84350,一樓平面,0.0,0,陽台外推；,RPWNMLRKNHJGFAO07DA,63.71,0.0,2.94,有,
新竹市,房地(土地+建物)+車位,新竹市新竹市香北一路１５８巷２２號二樓,35.03,住,,,1130311,土地2建物1車位1,二層,五層,華廈(10層含以下有電梯),住家用,鋼筋混凝土造,1130108,103.35,3,2,2,有,有,8680000,83986,一樓平面,0.0,0,陽台外推；,RPXNMLRKNHJGFAO17DA,57.42,0.0,10.29,有,
新竹市,房地(土地+建物),新竹市新竹市東大路一段２１巷６號６樓,11.6,住,,,1130309,土地5建物1車位0,六層,七層,華廈(10層含以下有電梯),住家用,鋼筋混凝土造,0720819,36.91,2,2,2,有,有,2950000,79924,,0.0,0,,RPQNMLTJNHJGFAO66EA,36.91,0.0,0.0,有,079
新竹市,房地(土地+建物)+車位,新竹市新竹市立鵬路１０６號七樓,17.03,商,,,1130331,土地1建物1車位1,七層,二十五層,住宅大樓(11層含以上有電梯),住家用,鋼筋混凝土造,1031117,214.15,4,2,2,有,有,38550000,180014,坡道平面,0.0,0,,RPRNMLOKNHJGFAO98EA,124.57,0.0,5.58,有,080
新竹市,房地(土地+建物),新竹市新竹市東大路一段２１巷６號６樓,11.6,住,,,1130309,土地5建物1車位0,六層,七層,華廈(10層含以下有電梯),住家用,鋼筋混凝土造,0720819,36.91,3,2,2,有,有,2950000,79924,,0.0,0,,RPVOMLLKLHJGFAO88DA,36.91,0.0,0.0,有,079
新竹市,房地(土地+建物),新竹市新竹市光復路二段２９８巷５弄６號５樓,44.1,住,,,1130329,土地6建物1車位0,五層,七層,華廈(10層含以下有電梯),住家用,鋼筋混凝土造,0840713,139.95,3,2,2,有,有,17000000,121472,,0.0,0,陽台外推；其他增建；,RPXTMLPKMHJGFAO47DA,87.74,0.0,11.84,有,
新竹市,房地(土地+建物),新竹市新竹市花園新城街１６巷１０號,67.25,,鄉村區,乙種建築用地,1130318,土地1建物1車位0,全,二層,透天厝,住家用,加強磚造,0690213,84.8,3,1,2,有,無,6080000,71698,,0.0,0,頂樓加蓋鐵皮其他增建；,RPTNMLRKMHJGFAO66DA,84.8,0.0,0.0,無,
新竹市,房地(土地+建物),新竹市新竹市金竹路１１２號７樓,25.05,住,,,1130330,土地1建物1車位0,七層,七層,華廈(10層含以下有電梯),住家用,鋼筋混凝土造,0860517,142.46,4,2,2,有,有,12260000,86059,,0.0,0,陽台加鐵窗陽台外推；其他增建；,RPWOMLMLMHJGFAO66DA,109.42,0.0,8.84,有,082
新竹市,房地(土地+建物)+車位,新竹市新竹市延平路三段４７０巷１９弄２號四樓之２,33.8,住,,,1130331,土地1建物1車位1,四層,五層,華廈(10層含以下有電梯),住家用,鋼筋混凝土造,1021020,106.69999999999999,2,2,1,有,有,9300000,87160,坡道機械,2.71,0,其他增建；,RPOPMLSJNHJGFAO09DA,66.38,0.0,6.78,有,083
新竹市,土地,中雅段91-4地號,16.0,都市：其他:道路用地,,,1130328,土地1建物0車位0,,,其他,,,,0.0,0,0,0,無,無,763372,47711,,0.0,0,親友、員工、共有人或其他特殊關係間之交易；包含公共設施保留地用地；,RPOOMLKKNHJGFAO28DA,0.0,0.0,0.0,無,084
新竹市,土地,中雅段91-6地號,14.67,都市：其他:道路用地,,,1130328,土地1建物0車位0,,,其他,,,,0.0,0,0,0,無,無,593416,40451,,0.0,0,親友、員工、共有人或其他特殊關係間之交易；包含公共設施保留地用地；,SPOOMLKKNHJGFAO38DA,0.0,0.0,0.0,無,085
新竹市,土地,中雅段111-1地號,1.97,住,,,1130328,土地3建物0車位0,,,其他,,,,0.0,0,0,0,無,無,178980,90853,,0.0,0,親友、員工、共有人或其他特殊關係間之交易；,TPOOMLKKNHJGFAO48DA,0.0,0.0,0.0,無,086
新竹市,土地,中雅段111-8地號,0.17,住,,,1130328,土地1建物0車位0,,,其他,,,,0.0,0,0,0,無,無,6744,0,,0.0,0,親友、員工、共有人或其他特殊關係間之交易；包含公共設施保留地用地；,UPOOMLKKNHJGFAO58DA,0.0,0.0,0.0,無,087
新竹市,土地,中雅段112-1地號,2.62,都市：其他:道路用地,,,1130328,土地1建物0車位0,,,其他,,,,0.0,0,0,0,無,無,106208,40537,,0.0,0,親友、員工、共有人或其他特殊關係間之交易；包含公共設施保留地用地；,VPOOMLKKNHJGFAO68DA,0.0,0.0,0.0,無,088
新竹市,房地(土地+建物),新竹市新竹市明湖路１０５０巷２８６號４樓,32.82,,山坡地保育區,丙種建築用地,1130328,土地1建物1車位0,四層,九層,華廈(10層含以下有電梯),住家用,鋼筋混凝土造,0860715,76.1,2,2,1,有,無,5080000,66754,,0.0,0,,RPPOMLTLLHJGFAO56DA,57.37,0.0,6.45,有,089
新竹市,房地(土地+建物)+車位,新竹市新竹市金農路１０２號七樓之３,26.98,,鄉村區,乙種建築用地,1130313,土地1建物1車位1,七層,十層,華廈(10層含以下有電梯),住家用,鋼筋混凝土造,1100503,137.45,3,2,2,有,有,20300000,147690,一樓平面,31.63,0,陽台加鐵鋁窗其他增建；,RPWOMLTLLHJGFAO27DA,66.04,0.0,4.28,有,090
新竹市,房地(土地+建物),新竹市新竹市建中路１０６號,68.97,住,,,1130319,土地2建物1車位0,全,三層,透天厝,住商用,鋼筋混凝土造,0961206,248.64,7,0,8,有,有,37800000,152027,,0.0,0,陽台外推；頂樓加蓋；夾層；,RPUOMLKKMHJGFAO78DA,216.5,13.23,15.96,有,
新竹市,房地(土地+建物),新竹市新竹市林森路２７５號１１樓之７,3.93,商,,,1130322,土地1建物1車位0,十一層,十七層,住宅大樓(11層含以上有電梯),辦公用,鋼筋混凝土造,0860520,48.010000000000005,1,1,1,有,有,5100000,106228,,0.0,0,,RPSQMLSKMHJGFAO96DA,28.99,1.82,4.29,有,091
新竹市,土地,中山段三小段300地號,213.0,商,,,1130306,土地2建物0車位0,,,其他,,,,0.0,0,0,0,無,無,68298450,320650,,0.0,0,,RPXNMLTJNHJGFAO27DA,0.0,0.0,0.0,無,
新竹市,土地,中山段三小段301地號,193.0,商,,,1130306,土地2建物0車位0,,,其他,,,,0.0,0,0,0,無,無,61885450,320650,,0.0,0,未登記建物；,RPQOMLTJNHJGFAO66DA,0.0,0.0,0.0,無,
新竹市,房地(土地+建物),新竹市新竹市成德路１９１號二樓,25.9,住,,,1130329,土地1建物1車位0,二層,五層,公寓(5樓含以下無電梯),住家用,鋼筋混凝土造,0800523,113.74000000000001,3,2,2,有,有,6300000,55389,,0.0,0,,RPUPMLKLNHJGFAO09DA,74.46,0.0,11.22,無,092
新竹市,房地(土地+建物),新竹市新竹市香北路２２５巷８６號六樓之５,6.83,住,,,1130321,土地1建物1車位0,六層,八層,華廈(10層含以下有電梯),住家用,鋼筋混凝土造,0940301,40.25,1,1,1,有,有,2800000,69565,,0.0,0,陽台外推；,RPUNMLPLMHJGFAO66DA,19.3,1.13,3.93,有,
新竹市,房地(土地+建物),新竹市新竹市中正路４４５巷２８號,86.0,住,,,1130306,土地1建物1車位0,全,二層,透天厝,住家用,加強磚造,0610722,121.5,3,2,2,有,無,12550000,103292,,0.0,0,其他增建為3樓鐵皮屋增建 一樓空地其他增建；,RPOOMLMJNHJGFAO38DA,121.5,0.0,0.0,無,
新竹市,房地(土地+建物),新竹市新竹市新香街１８８巷２２弄１８號,100.04,,山坡地保育區,丙種建築用地,1130331,土地4建物1車位0,全,四層,透天厝,住家用,鋼筋混凝土造,0910111,204.19,4,2,4,有,有,15600000,76399,,0.0,0,,RPQOMLMJNHJGFAO58DA,150.46,24.93,28.8,無,
新竹市,房地(土地+建物)+車位,新竹市新竹市慈雲路８９號三樓之６,11.42,商,,,1130330,土地1建物1車位1,三層,二十七層,住宅大樓(11層含以上有電梯),住家用,鋼筋混凝土造,1041208,154.68,2,2,2,有,有,25000000,161624,坡道平面,33.07,0,陽台加蓋其他增建；,RPTNMLSJNHJGFAO76DA,70.4,1.65,10.64,有,093
新竹市,土地,隆恩段114地號,314.59,,特定農業區,農牧用地,1130318,土地1建物0車位0,,,其他,,,,0.0,0,0,0,無,無,9278100,29493,,0.0,0,,RPROMLLLNHJGFAO78DA,0.0,0.0,0.0,無,094
新竹市,土地,新莊段256地號,412.35,商,,,1130311,土地3建物0車位0,,,其他,,,,0.0,0,0,0,無,無,48310000,117158,,0.0,0,,RPOPMLLLNHJGFAO58DA,0.0,0.0,0.0,無,095
新竹市,房地(土地+建物),新竹市新竹市牛埔北路２５７巷５２號,63.0,,鄉村區,乙種建築用地,1130307,土地1建物1車位0,全,三層,透天厝,住家用,加強磚造,0630101,171.57,4,2,3,有,無,7420000,43248,,0.0,0,頂樓增建其他增建；,RPWPMLNKLHJGFAO66DA,171.57,0.0,0.0,無,096
新竹市,房地(土地+建物)+車位,新竹市新竹市公道五路二段３７１號七樓之１,35.35,住,,,1130320,土地1建物1車位2,七層,十三層,住宅大樓(11層含以上有電梯),住家用,鋼筋混凝土造,0961206,206.48000000000002,3,2,2,有,有,29460000,142677,坡道平面,0.0,0,陽台外推；,RPQQMLKLLHJGFAO58DA,95.1,9.37,13.51,有,097
新竹市,房地(土地+建物)+車位,新竹市新竹市湳中街６５巷２０號７Ｆ,19.67,住,,,1130331,土地1建物1車位1,七層,八層,華廈(10層含以下有電梯),住家用,鋼筋混凝土造,,124.39,3,2,2,有,有,10000000,80392,坡道機械,0.0,0,,RPRNMLLMLHJGFAO58DA,83.53,0.0,9.03,有,098
新竹市,房地(土地+建物),新竹市新竹市和福街３８巷３號,57.97,住,,,1130328,土地2建物1車位0,全,二層,透天厝,住家用,加強磚造,,80.64,4,2,3,有,無,9900000,122768,,0.0,0,其他增建；,RPQOMLTKMHJGFAO66DA,80.64,0.0,0.0,無,
新竹市,房地(土地+建物),新竹市新竹市浸樹街１５巷７號,82.32,,鄉村區,乙種建築用地,1130320,土地2建物1車位0,全,四層,透天厝,住家用,鋼筋混凝土造,1030707,169.64,4,2,3,有,無,28000000,165055,,0.0,0,,RPQNMLMLNHJGFAO68DA,165.29,0.0,4.35,無,099
新竹市,房地(土地+建物),新竹市新竹市武陵路６１巷１弄１２號,77.75,住,,,1130320,土地5建物1車位0,全,四層,透天厝,住家用,鋼筋混凝土造,0921110,331.71,5,3,5,有,有,28800000,86823,,0.0,0,其他增建；,RPSNMLLLNHJGFAO88EA,220.01,61.91,26.03,無,
新竹市,房地(土地+建物),新竹市新竹市世界街１１２巷１４號五樓,32.01,住,,,1130316,土地3建物1車位0,五層,五層,公寓(5樓含以下無電梯),住家用,鋼筋混凝土造,0720118,118.91,3,2,2,有,無,7700000,64755,,0.0,0,,RPPNMLRKLHJGFAO78DA,100.22,18.69,0.0,無,
新竹市,房地(土地+建物)+車位,新竹市新竹市港北路６號六樓之２,13.99,商,,,1130330,土地1建物1車位1,六層,十五層,住宅大樓(11層含以上有電梯),住家用,鋼筋混凝土造,1090917,141.42000000000002,2,2,2,有,有,10400000,73540,坡道平面,46.2,0,,RPPOMLSJMHJGFAO98DA,59.83,0.0,5.1,有,100
新竹市,房地(土地+建物),新竹市新竹市南大路４２３巷３１號三樓之５,25.09,住,,,1130324,土地2建物1車位0,三層,五層,華廈(10層含以下有電梯),住家用,鋼筋混凝土造,1130205,82.72999999999999,2,2,2,有,無,14200000,171643,,0.0,0,,RPSOMLQLMHJGFAO66DA,57.91,0.0,6.28,有,
新竹市,房地(土地+建物),新竹市新竹市明湖路１２００巷５９號５樓,30.9,,山坡地保育區,丙種建築用地,1130329,土地1建物1車位0,五層，六層,六層,華廈(10層含以下有電梯),住家用,鋼筋混凝土造,0870618,112.44,2,2,2,有,有,5000000,44468,,0.0,0,親友、員工、共有人或其他特殊關係間之交易；,RPPPMLTLLHJGFAO66DA,80.66,0.0,6.0,有,101
新竹市,房地(土地+建物)+車位,新竹市新竹市明湖路１０５０巷４５０號,55.77,,山坡地保育區,丙種建築用地,1130326,土地1建物1車位1,一層,十層,華廈(10層含以下有電梯),住家用,鋼筋混凝土造,0870826,145.92000000000002,4,2,2,有,無,13000000,89090,坡道平面,34.62,0,法空增建採光罩其他增建；,RPUNMLRKMHJGFAO76DA,82.94,12.12,0.0,有,102
新竹市,房地(土地+建物)+車位,新竹市新竹市西濱路一段１８５號八樓之５,24.96,住,,,1130321,土地1建物1車位1,八層,十五層,住宅大樓(11層含以上有電梯),住家用,鋼筋混凝土造,1111021,164.7,3,2,2,有,有,14200000,86217,坡道平面,36.2,0,,RPTOMLNKNHJGFAO09DA,78.67,0.0,8.76,有,103
新竹市,土地,西門段二小段113-31地號,1375.57,都市：其他:道路用地,,,1130320,土地13建物0車位0,,,其他,,,,0.0,0,0,0,無,無,94017060,68348,,0.0,0,包含公共設施保留地用地；,RPTOMLRKNHJGFAO86DA,0.0,0.0,0.0,無,
新竹市,土地,崙子段1630地號,136.21,都市：其他:道路用地,,,1130329,土地3建物0車位0,,,其他,,,,0.0,0,0,0,無,無,8546208,62743,,0.0,0,包含公共設施保留地用地；,RPUOMLMLNHJGFAO56DA,0.0,0.0,0.0,無,
新竹市,房地(土地+建物)+車位,新竹市新竹市牛埔東路２４７號４樓之９,17.21,,,,1130329,土地1建物1車位1,四層,十六層,住宅大樓(11層含以上有電梯),住家用,鋼骨鋼筋混凝土造,0850926,231.51,5,2,2,有,有,17900000,77318,坡道平面,0.0,0,陽台外推；,RPVNMLRLNHJGFAO07DA,156.36,0.0,15.57,有,
新竹市,房地(土地+建物),新竹市新竹市警光路９之１號五樓,29.32,住,,,1130223,土地3建物1車位0,五層,五層,華廈(10層含以下有電梯),住家用,鋼筋混凝土造,0830121,105.44999999999999,3,2,1,有,有,9700000,91995,,0.0,0,陽台外推；,RPSQMLTJMHJGFAO96DA,76.23,0.0,7.32,有,104
新竹市,房地(土地+建物)+車位,新竹市新竹市志平路１１２號四樓之２,103.4,,山坡地保育區,丙種建築用地,1130206,土地1建物1車位1,四層,十四層,住宅大樓(11層含以上有電梯),住家用,鋼骨造,0960716,274.89,4,3,3,有,有,24700000,89854,一樓平面,26.39,0,陽台增建,RPRUMLKMMHJGFAO66DA,174.74,4.72,18.34,有,
新竹市,房地(土地+建物),新竹市新竹市孝賢路２７號,79.1,住,,,1130203,土地1建物1車位0,全,四層,透天厝,住家用,鋼筋混凝土造,1130221,214.96,5,2,4,有,無,22500000,104671,,0.0,0,預售屋、或土地及建物分件登記案件；,RPSQMLNKNHJGFAO56DA,194.2,0.0,20.76,有,
新竹市,房地(土地+建物),新竹市新竹市海埔一街７號,90.01,,鄉村區,乙種建築用地,1130224,土地1建物1車位0,全,四層,透天厝,住家用,鋼筋混凝土造,1130206,259.55,4,2,5,有,有,23200000,89385,,0.0,0,,RPROMLKKMHJGFAO48DA,236.32,0.0,23.23,有,
新竹市,房地(土地+建物),新竹市新竹市經國路二段１１１號１１樓之７,3.1,商,,,1130225,土地2建物1車位0,十一層,十二層,住宅大樓(11層含以上有電梯),辦公用,鋼筋混凝土造,0860715,28.47,1,1,1,有,有,2400000,84299,,0.0,0,,RPUQMLMKMHJGFAO56DA,18.25,0.0,0.0,有,105
新竹市,土地,竹蓮段2602-3地號,10.0,都市：其他:道路用地,,,1130131,土地3建物0車位0,,,其他,,,,0.0,0,0,0,無,無,1547344,154734,,0.0,0,包含公共設施保留地用地；,RPPPMLLLLHJGFAO48DA,0.0,0.0,0.0,無,106
新竹市,土地,千甲段517-1地號,12.35,農,,,1130108,土地1建物0車位0,,,其他,,,,0.0,0,0,0,無,無,304674,24670,,0.0,0,,RPTNMLKKNHJGFAO68DA,0.0,0.0,0.0,無,107
新竹市,土地,竹蓮段2602-3地號,20.0,都市：其他:道路用地,,,1130112,土地3建物0車位0,,,其他,,,,0.0,0,0,0,無,無,2987720,149386,,0.0,0,含土地增值稅或其他稅費；含仲介費；含地政士服務費；包含公共設施保留地用地；,RPVOMLPKNHJGFAO86DA,0.0,0.0,0.0,無,106
新竹市,土地,南華段174地號,392.38,住,,,1130122,土地1建物0車位0,,,其他,,,,0.0,0,0,0,無,無,18000000,45874,,0.0,0,,RPXOMLPKNHJGFAO07DA,0.0,0.0,0.0,無,
新竹市,房地(土地+建物)+車位,新竹市新竹市牛埔東路１１號十四樓,18.83,住,,,1130118,土地1建物1車位1,十四層,十五層,住宅大樓(11層含以上有電梯),住家用,鋼筋混凝土造,0970131,154.7,3,2,2,有,有,16100000,104072,坡道平面,34.82,0,陽台外推；,RPPNMLPJNHJGFAO68DA,74.96,1.96,10.28,有,109
新竹市,房地(土地+建物)+車位,新竹市新竹市藝術路３５號二樓之１０,44.82,,山坡地保育區,丙種建築用地,1130127,土地1建物1車位1,二層,六層,華廈(10層含以下有電梯),其他,鋼筋混凝土造,1111115,143.86,0,1,2,有,有,16200000,128160,坡道平面,30.72,1700000,,RPQPMLLLNHJGFAO78DA,69.85,0.0,3.03,有,
新竹市,房地(土地+建物),新竹市新竹市南大路４２３巷３１之１號,17.44,住,,,1130124,土地2建物1車位0,一層,五層,華廈(10層含以下有電梯),住家用,鋼筋混凝土造,1130205,57.75,2,2,1,有,無,10050000,174026,,0.0,0,預售屋、或土地及建物分件登記案件；,RPPNMLQJLHJGFAO58DA,44.86,0.0,0.0,有,
新竹市,房地(土地+建物),新竹市新竹市南大路４２３巷３１號二樓之１,21.24,住,,,1130115,土地2建物1車位0,二層,五層,華廈(10層含以下有電梯),住家用,鋼筋混凝土造,1130205,69.78,2,2,2,有,無,11960000,171396,,0.0,0,預售屋、或土地及建物分件登記案件；,RPRRMLLKLHJGFAO78DA,49.68,0.0,4.4,有,
新竹市,房地(土地+建物),新竹市新竹市南大路４２３巷３１號二樓之６,24.47,住,,,1130124,土地2建物1車位0,二層,五層,華廈(10層含以下有電梯),住家用,鋼筋混凝土造,1130205,80.99,2,2,2,有,無,14120000,174343,,0.0,0,預售屋、或土地及建物分件登記案件；,RPTRMLLKLHJGFAO98DA,56.86,0.0,6.05,有,
新竹市,房地(土地+建物)+車位,新竹市新竹市南大路４２３巷３１號三樓之２,18.82,住,,,1130112,土地2建物1車位1,三層,五層,華廈(10層含以下有電梯),住家用,鋼筋混凝土造,1130205,77.23,2,2,1,有,無,13880000,174835,一樓平面,15.0,3000000,預售屋、或土地及建物分件登記案件；,RPURMLLKLHJGFAO09DA,44.36,0.0,3.96,有,
新竹市,房地(土地+建物)+車位,新竹市新竹市金雅八街９６號十二樓之２,21.27,,鄉村區,乙種建築用地,1121211,土地1建物1車位1,十二層,十二層,住宅大樓(11層含以上有電梯),住家用,鋼筋混凝土造,1130205,116.12,2,2,1,有,無,14000000,120565,坡道平面,32.62,0,,RPTQMLSJNHJGFAO07DA,50.17,0.0,4.86,有,110
新竹市,土地,茄苳段141-2地號,2785.1,,山坡地保育區,農牧用地,1121206,土地1建物0車位0,,,其他,,,,0.0,0,0,0,無,無,20000000,7181,,0.0,0,,RPSQMLRKNHJGFAO96DA,0.0,0.0,0.0,無,
新竹市,房地(土地+建物),新竹市新竹市南大路４２３巷３１號,19.29,住,,,1121216,土地2建物1車位0,一層,五層,華廈(10層含以下有電梯),住家用,鋼筋混凝土造,1130205,63.93,2,2,2,有,無,11280000,176443,,0.0,0,預售屋、或土地及建物分件登記案件；,RPPRMLLKLHJGFAO58DA,49.68,0.0,0.0,有,
新竹市,房地(土地+建物),新竹市新竹市南大路４２３巷３１號二樓之２,18.82,住,,,1121205,土地2建物1車位0,二層,五層,華廈(10層含以下有電梯),住家用,鋼筋混凝土造,1130205,62.230000000000004,2,2,1,有,無,10680000,171621,,0.0,0,預售屋、或土地及建物分件登記案件；,RPQRMLLKLHJGFAO68DA,44.36,0.0,3.96,有,
新竹市,房地(土地+建物),新竹市新竹市中正路４１８巷２７弄２０號,284.0,住,,,1121220,土地1建物1車位0,全,二層,透天厝,住家用,加強磚造,,148.64,7,2,2,有,無,42955000,288987,,0.0,0,1樓空地增建其他增建；,RPTPMLLLNHJGFAO09DA,148.64,0.0,0.0,無,
新竹市,房地(土地+建物)+車位,新竹市新竹市金雅八街９６號三樓之１,32.45,,鄉村區,乙種建築用地,1121029,土地1建物1車位1,三層,十二層,住宅大樓(11層含以上有電梯),住家用,鋼筋混凝土造,1130205,162.76,3,2,2,有,有,18180000,127728,坡道平面,35.38,1910000,預售屋、或土地及建物分件登記案件；,RPOQMLQJNHJGFAO98DA,74.27,0.0,9.66,有,
新竹市,房地(土地+建物),新竹市新竹市南大路４２３巷３１號三樓之６,24.44,住,,,1121011,土地2建物1車位0,三層,五層,華廈(10層含以下有電梯),住家用,鋼筋混凝土造,1130205,80.84,2,2,2,有,無,13780000,170460,,0.0,0,預售屋、或土地及建物分件登記案件；,RPWRMLLKLHJGFAO66DA,56.86,0.0,5.92,有,
新竹市,房地(土地+建物)+車位,新竹市新竹市金雅八街９２號二樓之３,29.08,,鄉村區,乙種建築用地,1120908,土地1建物1車位1,二層,十二層,住宅大樓(11層含以上有電梯),住家用,鋼筋混凝土造,1130205,145.66,3,2,2,有,有,16000000,124646,坡道平面,32.62,1910000,112年11月25日有轉讓，交易金額為1600萬元。預售屋、或土地及建物分件登記案件；,RPRNMLLLLHJGFAO48DA,67.89,0.0,7.31,有,
新竹市,房地(土地+建物)+車位,新竹市新竹市南大路４２３巷３１號四樓之６,24.27,住,,,1120919,土地2建物1車位1,四層,五層,華廈(10層含以下有電梯),住家用,鋼筋混凝土造,1130205,95.3,2,2,2,有,無,16450000,167497,一樓平面,15.0,3000000,預售屋、或土地及建物分件登記案件；,RPQSMLLKLHJGFAO78DA,56.86,0.0,5.51,有,
新竹市,房地(土地+建物),新竹市新竹市南大路４２３巷３１號四樓之２,18.82,住,,,1120805,土地2建物1車位0,四層,五層,華廈(10層含以下有電梯),住家用,鋼筋混凝土造,1130205,62.230000000000004,2,2,1,有,無,10880000,174835,,0.0,0,預售屋、或土地及建物分件登記案件；,RPXRMLLKLHJGFAO76DA,44.36,0.0,3.96,有,
新竹市,房地(土地+建物),新竹市新竹市南大路４２３巷３１號四樓之１,21.24,住,,,1120701,土地2建物1車位0,四層,五層,華廈(10層含以下有電梯),住家用,鋼筋混凝土造,1130205,69.78,2,2,2,有,無,12080000,173116,,0.0,0,預售屋、或土地及建物分件登記案件；,RPOSMLLKLHJGFAO58DA,49.68,0.0,4.4,有,
新竹市,房地(土地+建物),新竹市新竹市南大路４２３巷３１號五樓之１,21.11,住,,,1120702,土地2建物1車位0,五層,五層,華廈(10層含以下有電梯),住家用,鋼筋混凝土造,1130205,69.67999999999999,2,2,2,有,無,12980000,186280,,0.0,0,預售屋、或土地及建物分件登記案件；,RPSSMLLKLHJGFAO98DA,49.68,0.0,4.4,有,
新竹市,房地(土地+建物),新竹市新竹市南大路４２３巷３１號三樓之１,21.24,住,,,1120609,土地2建物1車位0,三層,五層,華廈(10層含以下有電梯),住家用,鋼筋混凝土造,1130205,69.78,2,2,2,有,無,11880000,170249,,0.0,0,預售屋、或土地及建物分件登記案件；,RPSNMLKLLHJGFAO48DA,49.68,0.0,4.4,有,
新竹市,土地,新莊段101地號,320.2,都市：其他:第二之一種住宅區,,,1120104,土地16建物0車位0,,,其他,,,,0.0,0,0,0,無,無,31780500,99252,,0.0,0,,RPRPMLPKNHJGFAO56DA,0.0,0.0,0.0,無,111
新竹市,土地,新莊段353地號,277.79,都市：其他:第二之一種住宅區,,,1120104,土地6建物0車位0,,,其他,,,,0.0,0,0,0,無,無,45219500,162783,,0.0,0,,RPSPMLPKNHJGFAO66DA,0.0,0.0,0.0,無,112
新竹市,土地,前溪段299地號,168.56,,特定農業區,農牧用地,1111111,土地2建物0車位0,,,其他,,,,0.0,0,0,0,無,無,5000000,29663,,0.0,0,本案土地增值稅另由買方負擔新台幣346893元親友、員工、共有人或其他特殊關係間之交易；未登記建物；,RPVPMLKLNHJGFAO56DA,0.0,0.0,0.0,無,
新竹市,房地(土地+建物)+車位,新竹市新竹市西濱路一段４３７號十五樓之３,17.05,住,,,1110908,土地1建物1車位1,十五層,十五層,住宅大樓(11層含以上有電梯),住家用,鋼筋混凝土造,1130129,102.47,2,2,2,有,有,9150000,89294,坡道機械,22.73,0,,RPWQMLQLMHJGFAO27DA,51.88,0.0,3.8,有,
新竹市,房地(土地+建物)+車位,新竹市新竹市西濱路一段４３７號十五樓之５,17.05,住,,,1110908,土地1建物1車位1,十五層,十五層,住宅大樓(11層含以上有電梯),住家用,鋼筋混凝土造,1130129,102.47,2,2,1,有,有,9050000,88319,坡道機械,22.73,0,,RPPSMLQLMHJGFAO76DA,51.88,0.0,3.8,有,
新竹市,房地(土地+建物),新竹市新竹市聯興路６６之１號,84.71,住,,,1110617,土地1建物1車位0,全,四層,透天厝,住家用,鋼筋混凝土造,1130221,256.26,5,2,4,有,無,21000000,81948,,0.0,0,預售屋、或土地及建物分件登記案件；,RPXRMLQKNHJGFAO47DA,238.19,0.0,18.07,有,
新竹市,房地(土地+建物),新竹市新竹市孝賢路２９號,79.1,住,,,1110307,土地1建物1車位0,全,四層,透天厝,住家用,鋼筋混凝土造,1130221,214.96,5,2,4,有,無,18500000,86063,,0.0,0,預售屋、或土地及建物分件登記案件；,RPTQMLNKNHJGFAO66DA,194.2,0.0,20.76,無,
新竹市,房地(土地+建物)+車位,新竹市新竹市西濱路一段４３７號十三樓之３,17.05,住,,,1110307,土地1建物1車位1,十三層,十五層,住宅大樓(11層含以上有電梯),住家用,鋼筋混凝土造,1130129,102.47,2,2,2,有,有,7800000,76120,坡道機械,22.73,0,,RPTQMLQLMHJGFAO96DA,51.88,0.0,3.8,有,
新竹市,房地(土地+建物)+車位,新竹市新竹市西濱路一段４３７號十二樓之５,17.05,住,,,1110303,土地1建物1車位1,十二層,十五層,住宅大樓(11層含以上有電梯),住家用,鋼筋混凝土造,1130129,102.47,2,2,2,有,有,7700000,75144,坡道機械,22.73,0,,RPXRMLQLMHJGFAO47DA,51.88,0.0,3.8,有,
新竹市,房地(土地+建物)+車位,新竹市新竹市西濱路一段４３７號十三樓之５,17.05,住,,,1110306,土地1建物1車位1,十三層,十五層,住宅大樓(11層含以上有電梯),住家用,鋼筋混凝土造,1130129,102.47,2,2,2,有,有,7800000,76120,坡道機械,22.73,0,,RPOSMLQLMHJGFAO66DA,51.88,0.0,3.8,有,
新竹市,房地(土地+建物)+車位,新竹市新竹市西濱路一段４３７號十五樓之１,20.16,住,,,1110306,土地1建物1車位1,十五層,十五層,住宅大樓(11層含以上有電梯),住家用,鋼筋混凝土造,1130129,117.05,2,2,2,有,有,9200000,78599,坡道機械,22.73,0,,RPPPMLKMMHJGFAO58DA,61.32,0.0,4.56,有,
新竹市,房地(土地+建物)+車位,新竹市新竹市西濱路一段４３７號十五樓之７,20.16,住,,,1110306,土地1建物1車位1,十五層,十五層,住宅大樓(11層含以上有電梯),住家用,鋼筋混凝土造,1130129,117.05,2,2,2,有,有,8900000,76036,坡道機械,22.73,0,,RPQOMLQJNHJGFAO98DA,61.32,0.0,4.56,有,
新竹市,房地(土地+建物)+車位,新竹市新竹市西濱路一段４３７號十一樓之３,17.05,住,,,1110227,土地1建物1車位1,十一層,十五層,住宅大樓(11層含以上有電梯),住家用,鋼筋混凝土造,1130129,102.47,2,2,2,有,有,7600000,74168,坡道機械,22.73,0,,RPRQMLQLMHJGFAO76DA,51.88,0.0,3.8,有,
新竹市,房地(土地+建物)+車位,新竹市新竹市西濱路一段４３７號十一樓之５,17.05,住,,,1110225,土地1建物1車位1,十一層,十五層,住宅大樓(11層含以上有電梯),住家用,鋼筋混凝土造,1130129,102.47,2,2,2,有,有,7600000,74168,坡道機械,22.73,0,,RPWRMLQLMHJGFAO37DA,51.88,0.0,3.8,有,
新竹市,房地(土地+建物)+車位,新竹市新竹市西濱路一段４３７號十四樓之１,20.16,住,,,1110206,土地1建物1車位1,十四層,十五層,住宅大樓(11層含以上有電梯),住家用,鋼筋混凝土造,1130129,117.05,2,2,2,有,有,9000000,76890,坡道機械,22.73,0,,RPQPMLKMMHJGFAO68DA,61.32,0.0,4.56,有,
新竹市,房地(土地+建物),新竹市新竹市孝賢路２５號,80.76,,,,1110226,土地1建物1車位0,全,四層,透天厝,住家用,鋼筋混凝土造,1130221,217.76,5,2,4,有,無,18000000,82660,,0.0,0,預售屋、或土地及建物分件登記案件；,RPRQMLNKNHJGFAO09DA,196.72,0.0,21.04,有,
新竹市,房地(土地+建物),新竹市新竹市中清路一段７６之７號,117.11,住,,,1110208,土地4建物1車位0,全,四層,透天厝,住家用,鋼筋混凝土造,1130116,266.36,5,2,4,有,有,18700000,70206,,0.0,0,預售屋、或土地及建物分件登記案件；,RPXPMLOLMHJGFAO07DA,253.55,0.0,12.81,有,
新竹市,房地(土地+建物),新竹市新竹市中清路一段７６號,77.62,住,,,1110118,土地4建物1車位0,全,四層,透天厝,住商用,鋼筋混凝土造,1130116,225.61,3,2,3,有,有,17800000,78897,,0.0,0,預售屋、或土地及建物分件登記案件；,RPRPMLOLMHJGFAO09DA,223.24,0.0,2.37,無,
新竹市,房地(土地+建物),新竹市新竹市中清路一段７６之１號,71.57,住,,,1110119,土地4建物1車位0,全,四層,透天厝,住家用,鋼筋混凝土造,1130116,214.43,3,2,3,有,有,15450000,72051,,0.0,0,預售屋、或土地及建物分件登記案件；,RPSPMLOLMHJGFAO56DA,211.76,0.0,2.67,無,
新竹市,房地(土地+建物),新竹市新竹市中清路一段７６之２號,70.02,住,,,1110117,土地4建物1車位0,全,四層,透天厝,住家用,鋼筋混凝土造,1130116,206.94,3,2,3,有,有,15250000,73693,,0.0,0,預售屋、或土地及建物分件登記案件；,RPUPMLOLMHJGFAO76DA,204.56,0.0,2.38,無,
新竹市,房地(土地+建物),新竹市新竹市中清路一段７６之９號,76.08,住,,,1110126,土地4建物1車位0,全,四層,透天厝,住家用,鋼筋混凝土造,1130116,233.67,3,2,3,有,有,17100000,73180,,0.0,0,預售屋、或土地及建物分件登記案件；,RPPQMLOLMHJGFAO98DA,230.88,0.0,2.79,有,
新竹市,房地(土地+建物),新竹市新竹市中清路一段７０號,81.78,住,,,1110124,土地3建物1車位0,全,四層,透天厝,住商用,鋼筋混凝土造,1130116,203.15,3,2,3,有,有,14920000,73443,,0.0,0,111.07.20轉售金額新台幣1780萬元整預售屋、或土地及建物分件登記案件；,RPPPMLOLMHJGFAO88DA,200.87,0.0,2.28,無,
新竹市,房地(土地+建物),新竹市新竹市中清路一段７２號,78.1,住,,,1110123,土地3建物1車位0,全,四層,透天厝,住商用,鋼筋混凝土造,1130116,203.15,3,2,3,有,有,15850000,78021,,0.0,0,預售屋、或土地及建物分件登記案件；,RPQPMLOLMHJGFAO98DA,200.87,0.0,2.28,無,
新竹市,房地(土地+建物)+車位,新竹市新竹市西濱路一段４３７號十樓之３,17.05,住,,,1101203,土地1建物1車位1,十層,十五層,住宅大樓(11層含以上有電梯),住家用,鋼筋混凝土造,1130129,102.47,2,2,2,有,有,7000000,68313,坡道機械,22.73,0,,RPPQMLQLMHJGFAO56DA,51.88,0.0,3.8,有,
新竹市,房地(土地+建物)+車位,新竹市新竹市西濱路一段４３７號十三樓之１,20.16,住,,,1101207,土地1建物1車位1,十三層,十五層,住宅大樓(11層含以上有電梯),住家用,鋼筋混凝土造,1130129,117.05,2,2,2,有,有,8000000,68347,坡道機械,22.73,0,,RPRPMLKMMHJGFAO78DA,61.32,0.0,4.56,有,
新竹市,房地(土地+建物)+車位,新竹市新竹市西濱路一段４３７號十一樓之１,20.16,住,,,1101203,土地1建物1車位1,十一層,十五層,住宅大樓(11層含以上有電梯),住家用,鋼筋混凝土造,1130129,117.05,2,2,2,有,有,8000000,68347,坡道機械,22.73,0,,RPUPMLKMMHJGFAO09DA,61.32,0.0,4.56,有,
新竹市,房地(土地+建物)+車位,新竹市新竹市西濱路一段４３７號八樓之３,17.05,住,,,1101106,土地1建物1車位1,八層,十五層,住宅大樓(11層含以上有電梯),住家用,鋼筋混凝土造,1130129,102.47,2,2,2,有,有,7080000,69093,坡道機械,22.73,0,,RPWPMLQLMHJGFAO17DA,51.88,0.0,3.8,有,
新竹市,房地(土地+建物)+車位,新竹市新竹市西濱路一段４３７號九樓之３,17.05,住,,,1101120,土地1建物1車位1,九層,十五層,住宅大樓(11層含以上有電梯),住家用,鋼筋混凝土造,1130129,102.47,2,2,2,有,有,6780000,66166,坡道機械,22.73,0,,RPOQMLQLMHJGFAO09DA,51.88,0.0,3.8,有,
新竹市,房地(土地+建物)+車位,新竹市新竹市西濱路一段４３７號八樓之５,17.05,住,,,1101106,土地1建物1車位1,八層,十五層,住宅大樓(11層含以上有電梯),住家用,鋼筋混凝土造,1130129,102.47,2,2,2,有,有,7080000,69093,坡道機械,22.73,0,,RPTRMLQLMHJGFAO07DA,51.88,0.0,3.8,有,
新竹市,房地(土地+建物)+車位,新竹市新竹市西濱路一段４３７號九樓之５,17.05,住,,,1101120,土地1建物1車位1,九層,十五層,住宅大樓(11層含以上有電梯),住家用,鋼筋混凝土造,1130129,102.47,2,2,2,有,有,6780000,66166,坡道機械,22.73,0,,RPURMLQLMHJGFAO17DA,51.88,0.0,3.8,有,
新竹市,房地(土地+建物)+車位,新竹市新竹市西濱路一段４３７號十樓之５,17.05,住,,,1101128,土地1建物1車位1,十層,十五層,住宅大樓(11層含以上有電梯),住家用,鋼筋混凝土造,1130129,102.47,2,2,2,有,有,6850000,66849,坡道機械,22.73,0,,RPVRMLQLMHJGFAO27DA,51.88,0.0,3.8,有,
新竹市,房地(土地+建物)+車位,新竹市新竹市西濱路一段４３７號十一樓之７,20.16,住,,,1101113,土地1建物1車位2,十一層,十五層,住宅大樓(11層含以上有電梯),住家用,鋼筋混凝土造,1130129,139.78,2,2,2,有,有,8850000,63314,坡道機械,45.46,0,,RPROMLKMMHJGFAO68DA,61.32,0.0,4.56,有,
新竹市,房地(土地+建物)+車位,新竹市新竹市西濱路一段４３７號十二樓之１,20.16,住,,,1101128,土地1建物1車位1,十二層,十五層,住宅大樓(11層含以上有電梯),住家用,鋼筋混凝土造,1130129,117.05,2,2,2,有,有,8000000,68347,坡道機械,22.73,0,,RPTPMLKMMHJGFAO98DA,61.32,0.0,4.56,有,
新竹市,房地(土地+建物)+車位,新竹市新竹市西濱路一段４３７號十樓之７,20.16,住,,,1101113,土地1建物1車位1,十層,十五層,住宅大樓(11層含以上有電梯),住家用,鋼筋混凝土造,1130129,117.05,2,2,2,有,有,7850000,67065,坡道機械,22.73,0,,RPPOMLQJNHJGFAO88DA,61.32,0.0,4.56,有,
新竹市,房地(土地+建物)+車位,新竹市新竹市西濱路一段４３７號六樓之２,23.37,住,,,1101104,土地1建物1車位1,六層,十五層,住宅大樓(11層含以上有電梯),住家用,鋼筋混凝土造,1130129,139.04,3,2,2,有,有,9600000,69045,坡道平面,29.87,0,,RPROMLQJNHJGFAO09DA,70.48,0.0,5.83,有,
新竹市,房地(土地+建物)+車位,新竹市新竹市西濱路一段４３７號四樓之６,23.62,住,,,1101128,土地1建物1車位1,四層,十五層,住宅大樓(11層含以上有電梯),住家用,鋼筋混凝土造,1130129,133.07999999999998,3,2,2,有,有,8900000,66877,坡道機械,22.73,0,,RPXOMLQJNHJGFAO07DA,71.02,0.0,6.12,有,
新竹市,房地(土地+建物)+車位,新竹市新竹市西濱路一段４３７號十二樓之７,20.16,住,,,1101129,土地1建物1車位1,十二層,十五層,住宅大樓(11層含以上有電梯),住家用,鋼筋混凝土造,1130129,117.05,2,2,2,有,有,8050000,68774,坡道機械,22.73,0,,RPRNMLRJNHJGFAO09DA,61.32,0.0,4.56,有,
新竹市,房地(土地+建物)+車位,新竹市新竹市西濱路一段４３７號十三樓之７,20.16,住,,,1101118,土地1建物1車位1,十三層,十五層,住宅大樓(11層含以上有電梯),住家用,鋼筋混凝土造,1130129,117.05,2,2,2,有,有,8200000,70056,坡道機械,22.73,0,,RPSNMLRJNHJGFAO56DA,61.32,0.0,4.56,有,
新竹市,房地(土地+建物)+車位,新竹市新竹市金山東二街６號四樓之１,21.89,住,,,1101113,土地2建物1車位1,四層,六層,華廈(10層含以下有電梯),住家用,鋼筋混凝土造,1130206,83.68,2,1,1,有,無,9400000,111040,升降機械,5.78,750000,預售屋、或土地及建物分件登記案件；,RPQNMLLMLHJGFAO48DA,44.34,0.0,6.7,有,
新竹市,房地(土地+建物)+車位,新竹市新竹市金山東二街６號二樓之２,26.51,住,,,1101106,土地2建物1車位1,二層,六層,華廈(10層含以下有電梯),住家用,鋼筋混凝土造,1130206,97.99000000000001,3,1,2,有,無,12850000,116008,一樓平面,3.6,1900000,預售屋、或土地及建物分件登記案件；,RPUNMLLMLHJGFAO88DA,57.35,0.0,4.5,有,
新竹市,房地(土地+建物)+車位,新竹市新竹市金山東二街６號六樓之２,26.51,住,,,1101106,土地2建物1車位1,六層,六層,華廈(10層含以下有電梯),住家用,鋼筋混凝土造,1130206,100.18,3,1,2,有,無,11530000,113136,升降機械,5.78,850000,111.1.12預售屋權利轉讓1315萬。預售屋、或土地及建物分件登記案件；,RPPOMLLMLHJGFAO48DA,57.35,0.0,4.5,有,
新竹市,房地(土地+建物)+車位,新竹市新竹市西濱路一段４３７號五樓之５,17.03,住,,,1101001,土地1建物1車位1,五層,十五層,住宅大樓(11層含以上有電梯),住家用,鋼筋混凝土造,1130129,102.47,2,2,2,有,有,6500000,63433,坡道機械,22.73,0,,RPRRMLQLMHJGFAO86DA,51.88,0.0,3.8,有,
新竹市,房地(土地+建物)+車位,新竹市新竹市西濱路一段４３７號六樓之５,17.05,住,,,1101004,土地1建物1車位1,六層,十五層,住宅大樓(11層含以上有電梯),住家用,鋼筋混凝土造,1130129,102.47,2,2,2,有,有,6300000,61481,坡道機械,22.73,0,,RPSRMLQLMHJGFAO96DA,51.88,0.0,3.8,有,
新竹市,房地(土地+建物)+車位,新竹市新竹市西濱路一段４３７號六樓之３,17.05,住,,,1101013,土地1建物1車位1,六層,十五層,住宅大樓(11層含以上有電梯),住家用,鋼筋混凝土造,1130129,102.47,2,2,2,有,有,6600000,64409,坡道機械,22.73,0,,RPWSMLQLMHJGFAO47DA,51.88,0.0,3.8,有,
新竹市,房地(土地+建物)+車位,新竹市新竹市西濱路一段４３７號十三樓之２,23.37,住,,,1101013,土地1建物1車位1,十三層,十五層,住宅大樓(11層含以上有電梯),住家用,鋼筋混凝土造,1130129,139.04,3,2,2,有,有,10200000,73360,坡道平面,29.87,0,,RPXPMLTLMHJGFAO57DA,70.48,0.0,5.83,有,
新竹市,房地(土地+建物)+車位,新竹市新竹市西濱路一段４３７號十二樓之２,23.37,住,,,1101001,土地1建物1車位1,十二層,十五層,住宅大樓(11層含以上有電梯),住家用,鋼筋混凝土造,1130129,139.04,3,2,2,有,有,9900000,71203,坡道平面,29.87,0,,RPOQMLTLMHJGFAO76DA,70.48,0.0,5.83,有,
新竹市,房地(土地+建物)+車位,新竹市新竹市西濱路一段４３７號十一樓之２,23.37,住,,,1101011,土地1建物1車位1,十一層,十五層,住宅大樓(11層含以上有電梯),住家用,鋼筋混凝土造,1130129,139.04,3,2,2,有,有,9850000,70843,坡道平面,29.87,0,,RPPNMLKMMHJGFAO38DA,70.48,0.0,5.83,有,
新竹市,房地(土地+建物)+車位,新竹市新竹市西濱路一段４３７號九樓之２,23.37,住,,,1101010,土地1建物1車位1,九層,十五層,住宅大樓(11層含以上有電梯),住家用,鋼筋混凝土造,1130129,139.04,3,2,1,有,有,9600000,69045,坡道平面,29.87,0,,RPRNMLKMMHJGFAO58DA,70.48,0.0,5.83,有,
新竹市,房地(土地+建物)+車位,新竹市新竹市西濱路一段４３７號四樓之２,23.37,住,,,1101016,土地1建物1車位1,四層,十五層,住宅大樓(11層含以上有電梯),住家用,鋼筋混凝土造,1130129,131.91,3,2,2,有,有,8680000,65802,坡道機械,22.73,0,,RPWNMLKMMHJGFAO09DA,70.48,0.0,5.83,有,
新竹市,房地(土地+建物)+車位,新竹市新竹市西濱路一段４３７號八樓之１,20.16,住,,,1101009,土地1建物1車位1,八層,十五層,住宅大樓(11層含以上有電梯),住家用,鋼筋混凝土造,1130129,117.05,2,2,2,有,有,8000000,68347,坡道機械,22.73,0,,RPVPMLKMMHJGFAO56DA,61.32,0.0,4.56,有,
新竹市,房地(土地+建物)+車位,新竹市新竹市西濱路一段４３７號四樓之１,20.16,住,,,1101029,土地1建物1車位1,四層,十五層,住宅大樓(11層含以上有電梯),住家用,鋼筋混凝土造,1130129,117.05,2,2,2,有,有,7200000,61512,坡道機械,22.73,0,,RPTQMLKMMHJGFAO09DA,61.32,0.0,4.56,有,
新竹市,房地(土地+建物)+車位,新竹市新竹市西濱路一段４３７號十樓之１,20.16,住,,,1101014,土地1建物1車位1,十層,十五層,住宅大樓(11層含以上有電梯),住家用,鋼筋混凝土造,1130129,117.05,2,2,2,有,有,8200000,70056,坡道機械,22.73,0,,RPXNMLQJNHJGFAO96DA,61.32,0.0,4.56,有,
新竹市,房地(土地+建物)+車位,新竹市新竹市西濱路一段４３７號七樓之２,23.37,住,,,1101003,土地1建物1車位1,七層,十五層,住宅大樓(11層含以上有電梯),住家用,鋼筋混凝土造,1130129,131.91,3,2,2,有,有,9000000,68228,坡道機械,22.73,0,,RPSOMLQJNHJGFAO56DA,70.48,0.0,5.83,有,
新竹市,房地(土地+建物)+車位,新竹市新竹市西濱路一段４３７號十五樓之２,23.37,住,,,1101011,土地1建物1車位1,十五層,十五層,住宅大樓(11層含以上有電梯),住家用,鋼筋混凝土造,1130129,139.04,3,2,2,有,有,10300000,74079,坡道平面,29.87,0,,RPUOMLQJNHJGFAO76DA,70.48,0.0,5.83,有,
新竹市,房地(土地+建物)+車位,新竹市新竹市西濱路一段４３７號六樓之１,20.16,住,,,1101029,土地1建物1車位1,六層,十五層,住宅大樓(11層含以上有電梯),住家用,鋼筋混凝土造,1130129,117.05,2,2,2,有,有,7800000,66638,坡道機械,22.73,0,讓渡日期：112/6/28讓渡金額：786萬元,RPSPMLQJNHJGFAO66DA,61.32,0.0,4.56,有,
新竹市,房地(土地+建物)+車位,新竹市新竹市西濱路一段４３７號三樓之７,20.16,住,,,1101016,土地1建物1車位1,三層,十五層,住宅大樓(11層含以上有電梯),住家用,鋼筋混凝土造,1130129,117.05,2,2,2,有,有,7400000,63221,坡道機械,22.73,0,,RPQNMLRJNHJGFAO98DA,61.32,0.0,4.56,有,
新竹市,房地(土地+建物)+車位,新竹市新竹市西濱路一段４３７號十樓之６,23.62,住,,,1100926,土地1建物1車位2,十層,十五層,住宅大樓(11層含以上有電梯),住家用,鋼筋混凝土造,1130129,162.95,3,2,2,有,有,10900000,66892,坡道平面,52.6,0,,RPSSMLQLMHJGFAO07DA,71.02,0.0,6.12,有,
新竹市,房地(土地+建物)+車位,新竹市新竹市西濱路一段４３７號五樓之２,23.37,住,,,1100914,土地1建物1車位1,五層,十五層,住宅大樓(11層含以上有電梯),住家用,鋼筋混凝土造,1130129,139.04,3,2,2,有,有,9200000,66168,坡道平面,29.87,0,,RPSNMLKMMHJGFAO68DA,70.48,0.0,5.83,有,
新竹市,房地(土地+建物)+車位,新竹市新竹市西濱路一段４３７號七樓之１,20.16,住,,,1100907,土地1建物1車位1,七層,十五層,住宅大樓(11層含以上有電梯),住家用,鋼筋混凝土造,1130129,117.05,2,2,2,有,有,7550000,64502,坡道機械,22.73,0,,RPXPMLKMMHJGFAO76DA,61.32,0.0,4.56,有,
新竹市,房地(土地+建物)+車位,新竹市新竹市西濱路一段４３７號八樓之２,23.37,住,,,1100926,土地1建物1車位1,八層,十五層,住宅大樓(11層含以上有電梯),住家用,鋼筋混凝土造,1130129,139.04,3,2,2,有,有,9500000,68326,坡道平面,29.87,0,,RPTOMLQJNHJGFAO66DA,70.48,0.0,5.83,有,
新竹市,房地(土地+建物)+車位,新竹市新竹市西濱路一段４３７號五樓之３,17.03,住,,,1100903,土地1建物1車位1,五層,十五層,住宅大樓(11層含以上有電梯),住家用,鋼筋混凝土造,1130129,102.47,2,2,2,有,有,6400000,62457,坡道機械,22.73,0,,RPVOMLQJNHJGFAO86DA,51.88,0.0,3.8,有,
新竹市,房地(土地+建物)+車位,新竹市新竹市西濱路一段４３７號十二樓之６,23.62,住,,,1100907,土地1建物1車位1,十二層,十五層,住宅大樓(11層含以上有電梯),住家用,鋼筋混凝土造,1130129,140.22,3,2,2,有,有,9930000,70817,坡道平面,29.87,0,,RPUSMLQLMHJGFAO27DA,71.02,0.0,6.12,有,
新竹市,房地(土地+建物),新竹市新竹市西大路７２巷５號二樓之１,18.18,商,,,1100905,土地1建物1車位0,二層,十層,華廈(10層含以下有電梯),住家用,鋼筋混凝土造,1121117,120.59,3,1,2,有,有,11680000,96857,,0.0,0,預售屋、或土地及建物分件登記案件；,RPPNMLKLNHJGFAO48EA,63.56,0.0,7.96,有,
新竹市,房地(土地+建物)+車位,新竹市新竹市西濱路一段４３７號八樓之６,23.62,住,,,1100825,土地1建物1車位1,八層,十五層,住宅大樓(11層含以上有電梯),住家用,鋼筋混凝土造,1130129,140.22,3,2,2,有,有,9550000,68107,坡道平面,29.87,0,,RPQPMLQJNHJGFAO09DA,71.02,0.0,6.12,有,
新竹市,房地(土地+建物),新竹市新竹市西大路７２巷５號二樓之２,15.81,商,,,1100831,土地1建物1車位0,二層,十層,華廈(10層含以下有電梯),住家用,鋼筋混凝土造,1121117,104.62,2,1,1,有,有,10000000,95584,,0.0,0,預售屋、或土地及建物分件登記案件；,RPTSMLKMMHJGFAO66DA,55.87,0.0,6.18,有,
新竹市,房地(土地+建物),新竹市新竹市西大路７２巷５號五樓之２,14.59,商,,,1100821,土地1建物1車位0,五層,十層,華廈(10層含以下有電梯),住家用,鋼筋混凝土造,1121117,96.55,2,1,1,有,有,10280000,106473,,0.0,0,預售屋、或土地及建物分件登記案件；,RPVSMLKMMHJGFAO86DA,51.04,0.0,6.22,有,
新竹市,房地(土地+建物)+車位,新竹市新竹市西濱路一段４３７號六樓之７,20.16,住,,,1100711,土地1建物1車位1,六層,十五層,住宅大樓(11層含以上有電梯),住家用,鋼筋混凝土造,1130129,117.05,2,2,2,有,有,7500000,64075,坡道機械,22.73,0,,RPUOMLKMMHJGFAO98DA,61.32,0.0,4.56,有,
新竹市,房地(土地+建物)+車位,新竹市新竹市南港街３２巷３８弄２８號十樓之６,34.17,,一般農業區,甲種建築用地,1100710,土地1建物1車位1,十層,十層,華廈(10層含以下有電梯),住家用,鋼筋混凝土造,1121030,148.18,3,2,2,有,無,6660000,49458,坡道平面,33.74,1000000,預售屋權利讓渡讓渡日期:113年2月11日權利買賣契約平轉繼承預售屋、或土地及建物分件登記案件；,RPOPMLMLNHJGFAO68DA,74.92,0.0,7.64,有,
新竹市,房地(土地+建物),新竹市新竹市西大路７２巷５號七樓之１,11.48,商,,,1100731,土地1建物1車位0,七層,十層,華廈(10層含以下有電梯),住家用,鋼筋混凝土造,1121117,76.55,1,1,1,有,有,7700000,100588,,0.0,0,預售屋、或土地及建物分件登記案件；,RPXSMLKMMHJGFAO07DA,40.93,0.0,4.47,有,
新竹市,房地(土地+建物),新竹市新竹市西大路７２巷５號六樓之２,14.38,商,,,1100710,土地1建物1車位0,六層,十層,華廈(10層含以下有電梯),住家用,鋼筋混凝土造,1121117,95.21000000000001,2,2,1,有,有,10360000,108812,,0.0,0,預售屋、或土地及建物分件登記案件；,RPOTMLKMMHJGFAO88DA,50.25,0.0,6.22,有,
新竹市,房地(土地+建物)+車位,新竹市新竹市西大路７２巷５號六樓之１,13.45,商,,,1100708,土地1建物1車位1,六層,十層,華廈(10層含以下有電梯),住家用,鋼筋混凝土造,1121117,111.07,2,2,1,有,有,11150000,105492,一樓平面,21.49,1700000,預售屋、或土地及建物分件登記案件；,RPPUMLKMMHJGFAO09DA,47.69,0.0,5.44,有,
新竹市,房地(土地+建物)+車位,新竹市新竹市西濱路一段４３７號六樓之６,23.62,住,,,1100528,土地1建物1車位1,六層,十五層,住宅大樓(11層含以上有電梯),住家用,鋼筋混凝土造,1130129,140.22,3,2,2,有,有,9200000,65611,坡道平面,29.87,0,,RPPPMLQJNHJGFAO98DA,71.02,0.0,6.12,有,
新竹市,房地(土地+建物),新竹市新竹市西濱路一段４３１號,21.8,住,,,1100328,土地1建物1車位0,一層，見其他登記事項,十五層,住宅大樓(11層含以上有電梯),商業用,鋼筋混凝土造,1130129,95.18,0,0,0,無,有,12400000,130279,,0.0,0,,RPQOMLKMMHJGFAO58DA,71.22,0.0,0.0,有,
新竹市,房地(土地+建物)+車位,新竹市新竹市西濱路一段４３７號三樓之５,17.05,住,,,1100110,土地1建物1車位1,三層,十五層,住宅大樓(11層含以上有電梯),住家用,鋼筋混凝土造,1130129,102.47,2,2,2,有,有,6060000,59139,坡道機械,22.73,0,,RPPRMLQLMHJGFAO66DA,51.88,0.0,3.8,有,
新竹市,房地(土地+建物)+車位,新竹市新竹市西濱路一段４３７號七樓之６,23.62,住,,,1100122,土地1建物1車位1,七層,十五層,住宅大樓(11層含以上有電梯),住家用,鋼筋混凝土造,1130129,140.22,3,2,2,有,有,8800000,62759,坡道平面,29.87,0,,RPQSMLQLMHJGFAO86DA,71.02,0.0,6.12,有,
新竹市,房地(土地+建物)+車位,新竹市新竹市西濱路一段４３７號三樓之３,17.05,住,,,1100110,土地1建物1車位1,三層,十五層,住宅大樓(11層含以上有電梯),住家用,鋼筋混凝土造,1130129,102.47,2,2,2,有,有,5960000,58163,坡道機械,22.73,0,,RPWPMLTLMHJGFAO47DA,51.88,0.0,3.8,有,
新竹市,房地(土地+建物)+車位,新竹市新竹市西濱路一段４３７號十一樓之６,23.62,住,,,1091227,土地1建物1車位1,十一層,十五層,住宅大樓(11層含以上有電梯),住家用,鋼筋混凝土造,1130129,140.22,3,2,2,有,有,9500000,67751,坡道平面,29.87,0,,RPTSMLQLMHJGFAO17DA,71.02,0.0,6.12,有,
新竹市,房地(土地+建物)+車位,新竹市新竹市西濱路一段４３７號三樓之２,23.37,住,,,1091214,土地1建物1車位1,三層,十五層,住宅大樓(11層含以上有電梯),住家用,鋼筋混凝土造,1130129,139.04,3,2,2,有,有,8900000,64010,坡道平面,29.87,0,,RPOOMLKMMHJGFAO38DA,70.48,0.0,5.83,有,
新竹市,房地(土地+建物)+車位,新竹市新竹市西濱路一段４３７號五樓之１,20.16,住,,,1091206,土地1建物1車位1,五層,十五層,住宅大樓(11層含以上有電梯),住家用,鋼筋混凝土造,1130129,117.05,2,2,2,有,有,6500000,55532,坡道機械,22.73,0,,RPRQMLKMMHJGFAO88DA,61.32,0.0,4.56,有,
新竹市,房地(土地+建物)+車位,新竹市新竹市西濱路一段４２９號,15.69,住,,,1091218,土地1建物1車位1,一層，見其他登記事項,十五層,住宅大樓(11層含以上有電梯),商業用,鋼筋混凝土造,1130129,92.03999999999999,0,0,0,無,有,9100000,98870,坡道機械,22.73,0,,RPOOMLQJNHJGFAO78DA,51.69,0.0,0.0,有,
新竹市,房地(土地+建物)+車位,新竹市新竹市西濱路一段４３７號四樓之５,17.05,住,,,1091123,土地1建物1車位1,四層,十五層,住宅大樓(11層含以上有電梯),住家用,鋼筋混凝土造,1130129,102.47,2,2,2,有,有,5600000,54650,坡道機械,22.73,0,,RPQRMLQLMHJGFAO76DA,51.88,0.0,3.8,有,
新竹市,房地(土地+建物)+車位,新竹市新竹市西濱路一段４３７號五樓之７,20.16,住,,,1091123,土地1建物1車位1,五層,十五層,住宅大樓(11層含以上有電梯),住家用,鋼筋混凝土造,1130129,117.05,2,2,2,有,有,7000000,59804,坡道機械,22.73,0,,RPVOMLKMMHJGFAO09DA,61.32,0.0,4.56,有,
新竹市,房地(土地+建物)+車位,新竹市新竹市介壽一路２６號十七樓之２,27.8,住,,,1090818,土地1建物1車位2,十七層,二十六層,住宅大樓(11層含以上有電梯),住家用,鋼筋混凝土造,1130305,234.06,4,2,3,有,有,23310000,111130,坡道平面,55.8,3500000,預售屋、或土地及建物分件登記案件；,RPTRMLPKLHJGFAO76DA,103.57,3.06,11.89,有,
新竹市,房地(土地+建物)+車位,新竹市新竹市介壽一路２２號七樓之１,22.68,住,,,1090712,土地1建物1車位2,七層,二十六層,住宅大樓(11層含以上有電梯),住家用,鋼筋混凝土造,1130305,201.2,3,2,2,有,有,19080000,109904,坡道平面,55.8,3100000,預售屋、或土地及建物分件登記案件；,RPQQNLPKLHJGFAO09DA,83.81,3.8,9.07,有,
新竹市,房地(土地+建物)+車位,新竹市新竹市介壽一路２２號十八樓之３,19.83,住,,,1090712,土地1建物1車位1,十八層,二十六層,住宅大樓(11層含以上有電梯),住家用,鋼筋混凝土造,1130305,155.01,3,2,2,有,有,14230000,99363,坡道平面,27.9,1600000,預售屋權利轉售，讓渡日期：110年04月14日，權利買賣契約成交價格新台幣1700萬元整。預售屋、或土地及建物分件登記案件；,RPQSMLSKLHJGFAO86DA,73.27,3.09,8.16,有,
新竹市,房地(土地+建物)+車位,新竹市新竹市介壽一路２２號三樓之５,20.68,住,,,1090704,土地1建物1車位2,三層,二十六層,住宅大樓(11層含以上有電梯),住家用,鋼筋混凝土造,1130305,188.33999999999997,3,2,2,有,有,16300000,98838,坡道平面,55.8,3200000,預售屋、或土地及建物分件登記案件；,RPOUMLSKLHJGFAO86DA,76.52,3.2,8.41,有,
新竹市,房地(土地+建物)+車位,新竹市新竹市介壽一路２６號三樓之１,22.1,住,,,1090727,土地1建物1車位1,三層,二十六層,住宅大樓(11層含以上有電梯),住家用,鋼筋混凝土造,1130305,169.61,3,2,2,有,有,17580000,110649,坡道平面,27.9,1900000,預售屋、或土地及建物分件登記案件；,RPPOMLKLLHJGFAO28DA,81.36,3.8,9.07,有,
新竹市,房地(土地+建物)+車位,新竹市新竹市介壽一路２６號二十六樓之５,19.79,住,,,1090613,土地1建物1車位1,二十六層,二十六層,住宅大樓(11層含以上有電梯),住家用,鋼筋混凝土造,1130305,154.79000000000002,3,2,2,有,有,15000000,103239,坡道平面,27.9,1900000,預售屋權利轉售，讓渡日期：113年03月11日，權利買賣契約成交價格新台幣1500萬元整。預售屋、或土地及建物分件登記案件；,RPXWMLPKLHJGFAO67DA,73.27,2.94,8.16,有,
新竹市,房地(土地+建物)+車位,新竹市新竹市介壽一路２６號六樓之３,23.13,住,,,1090625,土地1建物1車位1,六層,二十六層,住宅大樓(11層含以上有電梯),住家用,鋼筋混凝土造,1130305,175.89,3,2,3,有,有,16420000,100142,坡道平面,27.9,1600000,預售屋、或土地及建物分件登記案件；,RPSNNLPKLHJGFAO98DA,87.86,1.77,8.78,有,
新竹市,房地(土地+建物)+車位,新竹市新竹市介壽一路２２號九樓之１,22.68,住,,,1090618,土地1建物1車位1,九層,二十六層,住宅大樓(11層含以上有電梯),住家用,鋼筋混凝土造,1130305,173.3,3,2,2,有,有,17630000,110248,坡道平面,27.9,1600000,預售屋、或土地及建物分件登記案件；,RPSQNLPKLHJGFAO66DA,83.81,3.8,9.07,有,
新竹市,房地(土地+建物)+車位,新竹市新竹市介壽一路２２號十六樓之２,22.1,住,,,1090621,土地1建物1車位1,十六層,二十六層,住宅大樓(11層含以上有電梯),住家用,鋼筋混凝土造,1130305,169.63,3,2,2,有,有,17320000,110915,坡道平面,27.9,1600000,預售屋權利轉售，讓渡日期：113年01月18日，權利買賣契約成交價格新台幣1732萬元整。預售屋、或土地及建物分件登記案件；,RPXPMLSKLHJGFAO27DA,81.36,3.8,9.07,有,
新竹市,房地(土地+建物)+車位,新竹市新竹市介壽一路２２號八樓之３,19.83,住,,,1090619,土地1建物1車位1,八層,二十六層,住宅大樓(11層含以上有電梯),住家用,鋼筋混凝土造,1130305,154.99,3,2,2,有,有,14200000,99142,坡道平面,27.9,1600000,預售屋權利轉售，讓渡日期：113年01月08日，權利買賣契約成交價格新台幣1688萬元整。預售屋、或土地及建物分件登記案件；,RPSRMLSKLHJGFAO96DA,73.27,3.09,8.16,有,
新竹市,房地(土地+建物)+車位,新竹市新竹市介壽一路２２號十二樓之３,19.83,住,,,1090613,土地1建物1車位1,十二層,二十六層,住宅大樓(11層含以上有電梯),住家用,鋼筋混凝土造,1130305,155.01,3,2,2,有,有,14400000,100700,坡道平面,27.9,1600000,預售屋權利轉售，讓渡日期：111年06月16日，權利買賣契約成交價格新台幣2400萬元整。預售屋、或土地及建物分件登記案件；,RPWRMLSKLHJGFAO37DA,73.27,3.09,8.16,有,
新竹市,房地(土地+建物)+車位,新竹市新竹市介壽一路２２號五樓之５,20.68,住,,,1090628,土地1建物1車位1,五層,二十六層,住宅大樓(11層含以上有電梯),住家用,鋼筋混凝土造,1130305,160.44,3,2,2,有,有,14850000,98838,坡道平面,27.9,1750000,預售屋權利轉售，讓渡日期：112年06月05日，權利買賣契約成交價格新台幣1485萬元整。預售屋、或土地及建物分件登記案件；,RPQUMLSKLHJGFAO07DA,76.52,3.2,8.41,有,
新竹市,房地(土地+建物)+車位,新竹市新竹市介壽一路２２號十五樓之３,19.83,住,,,1090609,土地1建物1車位1,十五層,二十六層,住宅大樓(11層含以上有電梯),住家用,鋼筋混凝土造,1130305,155.01,3,2,2,有,有,14460000,101172,坡道平面,27.9,1600000,預售屋、或土地及建物分件登記案件；,RPXOMLNJMHJGFAO66DA,73.27,3.09,8.16,有,
新竹市,房地(土地+建物)+車位,新竹市新竹市介壽一路２６號八樓之１,22.1,住,,,1090526,土地1建物1車位1,八層,二十六層,住宅大樓(11層含以上有電梯),住家用,鋼筋混凝土造,1130305,169.61,3,2,2,有,有,17100000,108320,坡道平面,27.9,1750000,預售屋權利轉售，讓渡日期：110年01月09日，權利買賣契約成交價格新台幣1830萬元整。預售屋、或土地及建物分件登記案件；,RPUSMLPKLHJGFAO96DA,81.36,3.8,9.07,有,
新竹市,房地(土地+建物)+車位,新竹市新竹市介壽一路２６號二十二樓之３,23.08,住,,,1090504,土地1建物1車位2,二十二層,二十六層,住宅大樓(11層含以上有電梯),住家用,鋼筋混凝土造,1130305,203.88,3,2,3,有,有,18600000,101972,坡道平面,55.8,3500000,預售屋、或土地及建物分件登記案件；,RPQPNLPKLHJGFAO98DA,87.86,1.82,8.78,有,
新竹市,房地(土地+建物)+車位,新竹市新竹市介壽一路２２號十五樓之１,22.68,住,,,1090509,土地1建物1車位1,十五層,二十六層,住宅大樓(11層含以上有電梯),住家用,鋼筋混凝土造,1130305,173.31,3,2,2,有,有,17850000,110721,坡道平面,27.9,1750000,預售屋、或土地及建物分件登記案件；,RPXQNLPKLHJGFAO17DA,83.81,3.8,9.07,有,
新竹市,房地(土地+建物)+車位,新竹市新竹市介壽一路２６號七樓之３,23.13,住,,,1090507,土地1建物1車位2,七層,二十六層,住宅大樓(11層含以上有電梯),住家用,鋼筋混凝土造,1130305,203.8,3,2,3,有,有,18360000,100405,坡道平面,55.8,3500000,預售屋權利轉售，讓渡日期：113年01月16日，權利買賣契約成交價格新台幣1836萬元整。預售屋、或土地及建物分件登記案件；,RPWNMLSKLHJGFAO96DA,87.86,1.77,8.78,有,
新竹市,房地(土地+建物)+車位,新竹市新竹市介壽一路２２號八樓之２,22.1,住,,,1090522,土地1建物1車位1,八層,二十六層,住宅大樓(11層含以上有電梯),住家用,鋼筋混凝土造,1130305,169.61,3,2,2,有,有,17140000,109661,坡道平面,27.9,1600000,預售屋權利轉售，讓渡日期：112年07月31日，權利買賣契約成交價格新台幣1714萬元整。預售屋、或土地及建物分件登記案件；,RPQPMLSKLHJGFAO56DA,81.36,3.8,9.07,有,
新竹市,房地(土地+建物)+車位,新竹市新竹市介壽一路２２號二十三樓之５,20.68,住,,,1090501,土地1建物1車位1,二十三層,二十六層,住宅大樓(11層含以上有電梯),住家用,鋼筋混凝土造,1130305,160.37,3,2,2,有,有,15030000,100249,坡道平面,27.9,1750000,預售屋權利轉售，讓渡日期：112年12月15日，權利買賣契約成交價格新台幣1685萬元整。預售屋、或土地及建物分件登記案件；,RPXVMLSKLHJGFAO87DA,76.52,3.15,8.41,有,
新竹市,房地(土地+建物)+車位,新竹市新竹市介壽一路２２號十三樓之３,19.83,住,,,1090508,土地1建物1車位1,十三層,二十六層,住宅大樓(11層含以上有電梯),住家用,鋼筋混凝土造,1130305,155.01,3,2,2,有,有,14550000,101880,坡道平面,27.9,1600000,預售屋權利轉售，讓渡日期：111年04月27日，權利買賣契約成交價格新台幣1585萬元整。預售屋、或土地及建物分件登記案件；,RPWOMLNJMHJGFAO56DA,73.27,3.09,8.16,有,
新竹市,房地(土地+建物)+車位,新竹市新竹市介壽一路２６號十二樓之１,22.1,住,,,1090408,土地1建物1車位1,十二層,二十六層,住宅大樓(11層含以上有電梯),住家用,鋼筋混凝土造,1130305,169.63,3,2,2,有,有,17210000,110139,坡道平面,27.9,1600000,預售屋權利轉售，讓渡日期：110年04月23日，權利買賣契約成交價格新台幣1950萬元整。預售屋、或土地及建物分件登記案件；,RPOTMLPKLHJGFAO09DA,81.36,3.8,9.07,有,
新竹市,房地(土地+建物)+車位,新竹市新竹市介壽一路２６號十五樓之３,23.13,住,,,1090411,土地1建物1車位2,十五層,二十六層,住宅大樓(11層含以上有電梯),住家用,鋼筋混凝土造,1130305,203.81,3,2,3,有,有,18530000,101547,坡道平面,55.8,3500000,預售屋權利轉售，讓渡日期：112年08月07日，權利買賣契約成交價格新台幣1853萬元整。預售屋、或土地及建物分件登記案件；,RPUONLPKLHJGFAO66DA,87.86,1.77,8.78,有,
新竹市,房地(土地+建物)+車位,新竹市新竹市介壽一路２６號二十三樓之３,23.13,住,,,1090401,土地1建物1車位1,二十三層,二十六層,住宅大樓(11層含以上有電梯),住家用,鋼筋混凝土造,1130305,175.98,3,2,3,有,有,16450000,100284,坡道平面,27.9,1600000,預售屋權利轉售，讓渡日期：110年03月27日，權利買賣契約成交價格新台幣1870萬元整。預售屋、或土地及建物分件登記案件；,RPRPNLPKLHJGFAO09DA,87.86,1.82,8.78,有,
新竹市,房地(土地+建物)+車位,新竹市新竹市介壽一路２２號十一樓之２,22.1,住,,,1090411,土地1建物1車位1,十一層,二十六層,住宅大樓(11層含以上有電梯),住家用,鋼筋混凝土造,1130305,169.63,3,2,2,有,有,17350000,110068,坡道平面,27.9,1750000,預售屋、或土地及建物分件登記案件；,RPTPMLSKLHJGFAO86DA,81.36,3.8,9.07,有,
新竹市,房地(土地+建物)+車位,新竹市新竹市介壽一路２２號二十一樓之５,20.68,住,,,1090421,土地1建物1車位1,二十一層,二十六層,住宅大樓(11層含以上有電梯),住家用,鋼筋混凝土造,1130305,160.45,3,2,2,有,有,15200000,102603,坡道平面,27.9,1600000,預售屋權利轉售，讓渡日期：113年03月08日，權利買賣契約成交價格新台幣1658萬元整。預售屋、或土地及建物分件登記案件；,RPWVMLSKLHJGFAO77DA,76.52,3.2,8.41,有,
新竹市,房地(土地+建物)+車位,新竹市新竹市介壽一路２６號二十樓之２,27.8,住,,,1090321,土地1建物1車位2,二十層,二十六層,住宅大樓(11層含以上有電梯),住家用,鋼筋混凝土造,1130305,234.06,4,2,3,有,有,23060000,111410,坡道平面,55.8,3200000,預售屋、或土地及建物分件登記案件；,RPWRMLPKLHJGFAO07DA,103.57,3.06,11.89,有,
新竹市,房地(土地+建物)+車位,新竹市新竹市介壽一路２６號十八樓之１,22.1,住,,,1090321,土地1建物1車位1,十八層,二十六層,住宅大樓(11層含以上有電梯),住家用,鋼筋混凝土造,1130305,169.63,3,2,2,有,有,17480000,110986,坡道平面,27.9,1750000,預售屋、或土地及建物分件登記案件；,RPVTMLPKLHJGFAO17DA,81.36,3.8,9.07,有,
新竹市,房地(土地+建物)+車位,新竹市新竹市介壽一路２６號九樓之５,19.83,住,,,1090331,土地1建物1車位1,九層,二十六層,住宅大樓(11層含以上有電梯),住家用,鋼筋混凝土造,1130305,154.99,3,2,2,有,有,14410000,100795,坡道平面,27.9,1600000,預售屋權利轉售，讓渡日期：110年04月01日，權利買賣契約成交價格新台幣1555萬元整。預售屋、或土地及建物分件登記案件；,RPSVMLPKLHJGFAO07DA,73.27,3.09,8.16,有,
新竹市,房地(土地+建物)+車位,新竹市新竹市介壽一路２６號二十樓之３,23.13,住,,,1090321,土地1建物1車位2,二十層,二十六層,住宅大樓(11層含以上有電梯),住家用,鋼筋混凝土造,1130305,203.81,3,2,3,有,有,18620000,102155,坡道平面,55.8,3500000,預售屋、或土地及建物分件登記案件；,RPOPNLPKLHJGFAO78DA,87.86,1.77,8.78,有,
新竹市,房地(土地+建物)+車位,新竹市新竹市介壽一路２２號二十二樓之１,22.68,住,,,1090308,土地1建物1車位1,二十二層,二十六層,住宅大樓(11層含以上有電梯),住家用,鋼筋混凝土造,1130305,173.32,3,2,2,有,有,17930000,110232,坡道平面,27.9,1900000,預售屋、或土地及建物分件登記案件；,RPTRNLPKLHJGFAO86DA,83.81,3.81,9.07,有,
新竹市,房地(土地+建物)+車位,新竹市新竹市介壽一路２２號九樓之２,22.1,住,,,1090331,土地1建物1車位1,九層,二十六層,住宅大樓(11層含以上有電梯),住家用,鋼筋混凝土造,1130305,169.61,3,2,2,有,有,17300000,109731,坡道平面,27.9,1750000,預售屋、或土地及建物分件登記案件；,RPRPMLSKLHJGFAO66DA,81.36,3.8,9.07,有,
新竹市,房地(土地+建物)+車位,新竹市新竹市介壽一路２６號二十三樓之２,27.8,住,,,1090308,土地1建物1車位2,二十三層,二十六層,住宅大樓(11層含以上有電梯),住家用,鋼筋混凝土造,1130305,234.05,4,2,3,有,有,23220000,110631,坡道平面,55.8,3500000,預售屋、或土地及建物分件登記案件；,RPUNMLTKLHJGFAO86DA,103.57,3.04,11.9,有,
新竹市,房地(土地+建物)+車位,新竹市新竹市介壽一路２２號二十三樓之１,22.68,住,,,1090308,土地1建物1車位1,二十三層,二十六層,住宅大樓(11層含以上有電梯),住家用,鋼筋混凝土造,1130305,173.32999999999998,3,2,2,有,有,17980000,110569,坡道平面,27.9,1900000,預售屋、或土地及建物分件登記案件；,RPQOMLMLLHJGFAO58DA,83.81,3.81,9.08,有,
新竹市,房地(土地+建物)+車位,新竹市新竹市介壽一路２６號二十樓之５,19.83,住,,,1090308,土地1建物1車位1,二十層,二十六層,住宅大樓(11層含以上有電梯),住家用,鋼筋混凝土造,1130305,155.01,3,2,2,有,有,14520000,101644,坡道平面,27.9,1600000,預售屋權利轉售，讓渡日期：110年03月16日，權利買賣契約成交價格新台幣1696萬元整。預售屋、或土地及建物分件登記案件；,RPRPMLPLLHJGFAO09DA,73.27,3.09,8.16,有,
